family,noise,length,seed,method,stat_cfg_name,precision,recall,f1,roc_auc,pr_auc,edges_mean,edges_energy_only,edges_volatility_only,edges_union,auroc_lag1,auroc_lag2,status,time_seconds
var,low,short,0,SBTG-Linear,hac5_alpha010_by,0.0,0.0,0.0,0.4814814814814815,0.1,3.0,0.0,0.0,3.0,,,success,20.119877338409424
var,low,short,0,SBTG-Linear,hac7_alpha010_by,0.0,0.0,0.0,0.4814814814814815,0.1,3.0,0.0,0.0,3.0,,,success,18.347580909729004
var,low,short,0,SBTG-FeatureBilinear,hac5_alpha010_by,0.12162162162162163,1.0,0.21686746987951808,0.5987654320987654,0.12162162162162163,74.0,0.0,0.0,74.0,,,success,23.73026394844055
var,low,short,0,SBTG-FeatureBilinear,hac7_alpha010_by,0.1111111111111111,0.8888888888888888,0.19753086419753085,0.5493827160493827,0.10987654320987654,72.0,0.0,0.0,72.0,,,success,23.62197732925415
var,low,short,0,SBTG-Minimal,hac5_alpha010_by,0.0,0.0,0.0,0.5,0.1,,,,,0.4142661179698217,0.3843498273878021,success,45.56358313560486
var,low,short,0,SBTG-Minimal,hac7_alpha010_by,0.0,0.0,0.0,0.5,0.1,,,,,0.51440329218107,0.4246260069044879,success,46.7965784072876
var,low,short,0,VAR-LASSO,default,0.25,0.2222222222222222,0.23529411764705882,0.5802469135802468,0.15183150183150185,,,,,,,,
var,low,short,0,VAR-Ridge,default,0.1111111111111111,1.0,0.2,0.3333333333333333,0.07844460695235667,,,,,,,,
var,low,short,0,VAR-LiNGAM,default,0.125,0.2222222222222222,0.16,0.5253772290809329,0.12804232804232804,,,,,,,,
var,low,short,0,NOTEARS,default,0.0,0.0,0.0,0.5,0.1,,,,,,,,
var,low,short,0,PCMCI+,default,0.07692307692307693,0.1111111111111111,0.09090909090909091,0.4814814814814815,0.09743589743589744,,,,,,,,
var,low,short,0,DYNOTEARS,default,0.0,0.0,0.0,0.5,0.1,,,,,,,,
var,low,short,1,SBTG-Linear,hac5_alpha010_by,0.3684210526315789,1.0,0.5384615384615384,0.927710843373494,0.3684210526315789,19.0,0.0,0.0,19.0,,,success,20.124730348587036
var,low,short,1,SBTG-Linear,hac7_alpha010_by,0.3684210526315789,1.0,0.5384615384615384,0.927710843373494,0.3684210526315789,19.0,0.0,0.0,19.0,,,success,18.339561462402344
var,low,short,1,SBTG-FeatureBilinear,hac5_alpha010_by,0.5,0.8571428571428571,0.631578947368421,0.8924268502581756,0.4396825396825397,12.0,0.0,0.0,12.0,,,success,23.74512267112732
var,low,short,1,SBTG-FeatureBilinear,hac7_alpha010_by,0.5,0.8571428571428571,0.631578947368421,0.8924268502581756,0.4396825396825397,12.0,0.0,0.0,12.0,,,success,23.629137754440308
var,low,short,1,SBTG-Minimal,hac5_alpha010_by,0.0,0.0,0.0,0.4457831325301205,0.07777777777777778,,,,,0.5783132530120482,0.6588235294117648,success,45.30863571166992
var,low,short,1,SBTG-Minimal,hac7_alpha010_by,0.07407407407407407,0.2857142857142857,0.11764705882352941,0.49225473321858865,0.07671957671957672,,,,,0.49569707401032703,0.30823529411764705,success,47.726221561431885
var,low,short,1,VAR-LASSO,default,0.1282051282051282,0.7142857142857143,0.21739130434782608,0.6557659208261619,0.24363659442271535,,,,,,,,
var,low,short,1,VAR-Ridge,default,0.07777777777777778,1.0,0.14432989690721648,0.5938037865748709,0.17341268020272543,,,,,,,,
var,low,short,1,VAR-LiNGAM,default,0.07407407407407407,0.2857142857142857,0.11764705882352941,0.4870912220309811,0.08241758241758242,,,,,,,,
var,low,short,1,NOTEARS,default,0.0,0.0,0.0,0.5,0.07777777777777778,,,,,,,,
var,low,short,1,PCMCI+,default,0.10416666666666667,0.7142857142857143,0.18181818181818182,0.598106712564544,0.09662698412698413,,,,,,,,
var,low,short,1,DYNOTEARS,default,0.4,0.2857142857142857,0.3333333333333333,0.6299483648881238,0.3412698412698413,,,,,,,,
var,high,short,1,SBTG-Linear,hac5_alpha010_by,0.17647058823529413,0.8571428571428571,0.2926829268292683,0.7598967297762479,0.1623716153127918,34.0,0.0,0.0,34.0,,,success,20.10365104675293
var,high,short,1,SBTG-Linear,hac7_alpha010_by,0.17647058823529413,0.8571428571428571,0.2926829268292683,0.7598967297762479,0.1623716153127918,34.0,0.0,0.0,34.0,,,success,18.34188675880432
var,high,short,1,SBTG-FeatureBilinear,hac5_alpha010_by,0.5454545454545454,0.8571428571428571,0.6666666666666666,0.8984509466437178,0.4786435786435786,11.0,0.0,0.0,11.0,,,success,23.76573085784912
var,high,short,1,SBTG-FeatureBilinear,hac7_alpha010_by,0.5454545454545454,0.8571428571428571,0.6666666666666666,0.8984509466437178,0.4786435786435786,11.0,0.0,0.0,11.0,,,success,23.6036319732666
var,high,short,1,SBTG-Minimal,hac5_alpha010_by,0.09433962264150944,0.7142857142857143,0.16666666666666666,0.5679862306368331,0.08960766696615755,,,,,0.6437177280550774,0.6188235294117648,success,45.64386796951294
var,high,short,1,SBTG-Minimal,hac7_alpha010_by,0.05714285714285714,0.2857142857142857,0.09523809523809523,0.4440619621342512,0.07188208616780045,,,,,0.4974182444061962,0.8682352941176471,success,47.034759759902954
var,high,short,1,VAR-LASSO,default,0.125,0.42857142857142855,0.1935483870967742,0.6024096385542168,0.16961451247165532,,,,,,,,
var,high,short,1,VAR-Ridge,default,0.07777777777777778,1.0,0.14432989690721648,0.6144578313253012,0.19150919815369782,,,,,,,,
var,high,short,1,VAR-LiNGAM,default,0.0,0.0,0.0,0.4819277108433735,0.07777777777777778,,,,,,,,
var,high,short,1,NOTEARS,default,0.5,0.14285714285714285,0.2222222222222222,0.5645438898450946,0.1380952380952381,,,,,,,,
var,high,short,1,PCMCI+,default,0.14285714285714285,0.2857142857142857,0.19047619047619047,0.5705679862306368,0.0963718820861678,,,,,,,,
var,high,short,1,DYNOTEARS,default,0.18181818181818182,0.2857142857142857,0.2222222222222222,0.6006884681583476,0.2222222222222222,,,,,,,,
var,high,short,0,SBTG-Linear,hac5_alpha010_by,0.10588235294117647,1.0,0.19148936170212766,0.5308641975308642,0.10588235294117647,60.0,0.0,25.0,85.0,,,success,20.11409091949463
var,high,short,0,SBTG-Linear,hac7_alpha010_by,0.10975609756097561,1.0,0.1978021978021978,0.5493827160493827,0.10975609756097561,54.0,0.0,28.0,82.0,,,success,18.353268146514893
var,high,short,0,SBTG-FeatureBilinear,hac5_alpha010_by,0.125,1.0,0.2222222222222222,0.6111111111111112,0.125,72.0,0.0,0.0,72.0,,,success,23.724883794784546
var,high,short,0,SBTG-FeatureBilinear,hac7_alpha010_by,0.125,1.0,0.2222222222222222,0.6111111111111112,0.125,72.0,0.0,0.0,72.0,,,success,23.63708233833313
var,high,short,0,SBTG-Minimal,hac5_alpha010_by,0.0,0.0,0.0,0.5,0.1,,,,,0.4375857338820302,0.5293440736478711,success,46.91993474960327
var,high,short,0,SBTG-Minimal,hac7_alpha010_by,0.0,0.0,0.0,0.5,0.1,,,,,0.4252400548696845,0.5086306098964327,success,48.826168060302734
var,high,short,0,VAR-LASSO,default,0.25,0.2222222222222222,0.23529411764705882,0.6213991769547325,0.17602045505271313,,,,,,,,
var,high,short,0,VAR-Ridge,default,0.1111111111111111,1.0,0.2,0.3333333333333333,0.07844460695235667,,,,,,,,
var,high,short,0,VAR-LiNGAM,default,0.18181818181818182,0.2222222222222222,0.2,0.5486968449931413,0.11635802469135803,,,,,,,,
var,high,short,0,NOTEARS,default,0.0,0.0,0.0,0.5,0.1,,,,,,,,
var,high,short,0,PCMCI+,default,0.0,0.0,0.0,0.4506172839506173,0.1,,,,,,,,
var,high,short,0,DYNOTEARS,default,0.0,0.0,0.0,0.5,0.1,,,,,,,,
var,low,long,1,SBTG-Linear,hac5_alpha010_by,0.4117647058823529,1.0,0.5833333333333334,0.9397590361445783,0.4117647058823529,17.0,0.0,0.0,17.0,,,success,49.260868549346924
var,low,long,1,SBTG-Linear,hac7_alpha010_by,0.4117647058823529,1.0,0.5833333333333334,0.9397590361445783,0.4117647058823529,17.0,0.0,0.0,17.0,,,success,52.22298192977905
var,low,long,1,SBTG-FeatureBilinear,hac5_alpha010_by,0.6,0.42857142857142855,0.5,0.70223752151463,0.30158730158730157,5.0,0.0,0.0,5.0,,,success,68.25254654884338
var,low,long,1,SBTG-FeatureBilinear,hac7_alpha010_by,0.6,0.42857142857142855,0.5,0.70223752151463,0.30158730158730157,5.0,0.0,0.0,5.0,,,success,60.239766359329224
var,low,long,1,SBTG-Minimal,hac5_alpha010_by,0.11864406779661017,1.0,0.21212121212121213,0.6867469879518072,0.11864406779661017,,,,,0.9208261617900173,0.9364705882352942,success,127.47229528427124
var,low,long,1,SBTG-Minimal,hac7_alpha010_by,0.12962962962962962,1.0,0.22950819672131148,0.7168674698795181,0.12962962962962962,,,,,0.9345955249569707,0.6094117647058823,success,130.45105862617493
var,low,long,1,VAR-LASSO,default,0.08333333333333333,0.2857142857142857,0.12903225806451613,0.5378657487091222,0.1484126984126984,,,,,,,,
var,low,long,1,VAR-Ridge,default,0.07777777777777778,1.0,0.14432989690721648,0.5938037865748709,0.19757528975995653,,,,,,,,
var,low,long,1,VAR-LiNGAM,default,0.07692307692307693,0.14285714285714285,0.1,0.49397590361445776,0.08095238095238096,,,,,,,,
var,low,long,1,NOTEARS,default,0.0,0.0,0.0,0.5,0.07777777777777778,,,,,,,,
var,low,long,1,PCMCI+,default,0.11764705882352941,0.5714285714285714,0.1951219512195122,0.6049913941480206,0.10056022408963586,,,,,,,,
var,low,long,1,DYNOTEARS,default,0.4,0.2857142857142857,0.3333333333333333,0.6299483648881238,0.3412698412698413,,,,,,,,
var,high,long,1,SBTG-Linear,hac5_alpha010_by,0.4,0.8571428571428571,0.5454545454545454,0.8743545611015491,0.353968253968254,15.0,0.0,0.0,15.0,,,success,49.232799768447876
var,high,long,1,SBTG-Linear,hac7_alpha010_by,0.4,0.8571428571428571,0.5454545454545454,0.8743545611015491,0.353968253968254,15.0,0.0,0.0,15.0,,,success,52.16331171989441
var,high,long,1,SBTG-FeatureBilinear,hac5_alpha010_by,0.3181818181818182,1.0,0.4827586206896552,0.9096385542168675,0.3181818181818182,22.0,0.0,0.0,22.0,,,success,68.16233563423157
var,high,long,1,SBTG-FeatureBilinear,hac7_alpha010_by,0.3181818181818182,1.0,0.4827586206896552,0.9096385542168675,0.3181818181818182,22.0,0.0,0.0,22.0,,,success,60.16284990310669
var,high,long,1,SBTG-Minimal,hac5_alpha010_by,0.07692307692307693,0.7142857142857143,0.1388888888888889,0.49569707401032703,0.07716727716727717,,,,,0.4922547332185886,0.9388235294117646,success,127.44908618927002
var,high,long,1,SBTG-Minimal,hac7_alpha010_by,0.1320754716981132,1.0,0.23333333333333334,0.7228915662650602,0.1320754716981132,,,,,0.944922547332186,0.6094117647058823,success,130.6697187423706
var,high,long,1,VAR-LASSO,default,0.125,0.2857142857142857,0.17391304347826086,0.5757314974182444,0.1746031746031746,,,,,,,,
var,high,long,1,VAR-Ridge,default,0.07777777777777778,1.0,0.14432989690721648,0.5559380378657487,0.19477624106631106,,,,,,,,
var,high,long,1,VAR-LiNGAM,default,0.0,0.0,0.0,0.4819277108433735,0.07777777777777778,,,,,,,,
var,high,long,1,NOTEARS,default,0.5,0.14285714285714285,0.2222222222222222,0.5645438898450946,0.1380952380952381,,,,,,,,
var,high,long,1,PCMCI+,default,0.16666666666666666,0.2857142857142857,0.21052631578947367,0.5826161790017211,0.10317460317460317,,,,,,,,
var,high,long,1,DYNOTEARS,default,0.2,0.2857142857142857,0.23529411764705882,0.6049913941480206,0.2222222222222222,,,,,,,,
var,low,long,0,SBTG-Linear,hac5_alpha010_by,0.10666666666666667,0.8888888888888888,0.19047619047619047,0.5308641975308642,0.10592592592592592,71.0,0.0,4.0,75.0,,,success,49.24449682235718
var,low,long,0,SBTG-Linear,hac7_alpha010_by,0.05263157894736842,0.3333333333333333,0.09090909090909091,0.33333333333333337,0.08421052631578949,57.0,0.0,0.0,57.0,,,success,52.06108331680298
var,low,long,0,SBTG-FeatureBilinear,hac5_alpha010_by,0.10344827586206896,1.0,0.1875,0.5185185185185186,0.10344827586206896,83.0,0.0,4.0,87.0,,,success,68.00525951385498
var,low,long,0,SBTG-FeatureBilinear,hac7_alpha010_by,0.10588235294117647,1.0,0.19148936170212766,0.5308641975308642,0.10588235294117647,73.0,0.0,12.0,85.0,,,success,60.255815267562866
var,low,long,0,SBTG-Minimal,hac5_alpha010_by,0.11688311688311688,1.0,0.20930232558139536,0.5802469135802469,0.11688311688311688,,,,,0.6117969821673526,0.42347525891829685,success,128.85881114006042
var,low,long,0,SBTG-Minimal,hac7_alpha010_by,0.0,0.0,0.0,0.5,0.1,,,,,0.53360768175583,0.4614499424626007,success,132.26600646972656
var,low,long,0,VAR-LASSO,default,0.25,0.2222222222222222,0.23529411764705882,0.5521262002743486,0.1373015873015873,,,,,,,,
var,low,long,0,VAR-Ridge,default,0.1111111111111111,1.0,0.2,0.3333333333333333,0.07844460695235667,,,,,,,,
var,low,long,0,NOTEARS,default,0.0,0.0,0.0,0.5,0.1,,,,,,,,
var,low,long,0,PCMCI+,default,0.1,0.3333333333333333,0.15384615384615385,0.5,0.1,,,,,,,,
var,low,long,0,DYNOTEARS,default,0.0,0.0,0.0,0.5,0.1,,,,,,,,
var,high,long,0,SBTG-Linear,hac5_alpha010_by,0.125,1.0,0.2222222222222222,0.6111111111111112,0.125,72.0,0.0,0.0,72.0,,,success,49.24744415283203
var,high,long,0,SBTG-Linear,hac7_alpha010_by,0.125,1.0,0.2222222222222222,0.6111111111111112,0.125,72.0,0.0,0.0,72.0,,,success,52.142356872558594
var,high,long,0,SBTG-FeatureBilinear,hac5_alpha010_by,0.12162162162162163,1.0,0.21686746987951808,0.5987654320987654,0.12162162162162163,74.0,0.0,0.0,74.0,,,success,68.11481046676636
var,high,long,0,SBTG-FeatureBilinear,hac7_alpha010_by,0.140625,1.0,0.2465753424657534,0.6604938271604939,0.140625,64.0,0.0,0.0,64.0,,,success,60.18888974189758
var,high,long,0,SBTG-Minimal,hac5_alpha010_by,0.0,0.0,0.0,0.5,0.1,,,,,0.5089163237311385,0.47871116225546606,success,132.87253069877625
var,high,long,0,SBTG-Minimal,hac7_alpha010_by,0.0,0.0,0.0,0.5,0.1,,,,,0.6433470507544582,0.44533947065592633,success,133.78500032424927
var,high,long,0,VAR-LASSO,default,0.25,0.2222222222222222,0.23529411764705882,0.6063100137174212,0.15795814940870812,,,,,,,,
var,high,long,0,VAR-Ridge,default,0.1111111111111111,1.0,0.2,0.3333333333333333,0.07844460695235667,,,,,,,,
var,high,long,0,VAR-LiNGAM,default,0.2,0.4444444444444444,0.27586206896551724,0.6248285322359397,0.16728395061728396,,,,,,,,
var,high,long,0,NOTEARS,default,0.0,0.0,0.0,0.5,0.1,,,,,,,,
var,high,long,0,PCMCI+,default,0.0,0.0,0.0,0.3580246913580247,0.1,,,,,,,,
var,high,long,0,DYNOTEARS,default,0.0,0.0,0.0,0.5,0.1,,,,,,,,
poisson,low,short,0,SBTG-Linear,hac5_alpha010_by,0.20588235294117646,0.7777777777777778,0.32558139534883723,0.7222222222222223,0.18235294117647058,10.0,0.0,24.0,34.0,,,success,45.29364252090454
poisson,low,short,0,SBTG-Linear,hac7_alpha010_by,0.20588235294117646,0.7777777777777778,0.32558139534883723,0.7222222222222223,0.18235294117647058,10.0,0.0,24.0,34.0,,,success,37.46732997894287
poisson,low,short,0,SBTG-FeatureBilinear,hac5_alpha010_by,0.11538461538461539,0.3333333333333333,0.17142857142857143,0.5246913580246914,0.10512820512820514,22.0,0.0,4.0,26.0,,,success,51.267568588256836
poisson,low,short,0,SBTG-FeatureBilinear,hac7_alpha010_by,0.11538461538461539,0.3333333333333333,0.17142857142857143,0.5246913580246914,0.10512820512820514,22.0,0.0,4.0,26.0,,,success,54.73640990257263
poisson,low,short,0,SBTG-Minimal,hac5_alpha010_by,0.1320754716981132,0.7777777777777778,0.22580645161290322,0.6049382716049383,0.1249475890985325,,,,,0.6515775034293552,0.7295742232451093,success,90.73616409301758
poisson,low,short,0,SBTG-Minimal,hac7_alpha010_by,0.0625,0.3333333333333333,0.10526315789473684,0.38888888888888884,0.08750000000000001,,,,,0.35939643347050754,0.6490218642117376,success,88.86372375488281
poisson,low,short,0,VAR-LASSO,default,0.11764705882352941,0.2222222222222222,0.15384615384615385,0.5075445816186558,0.10269360269360268,,,,,,,,
poisson,low,short,0,VAR-Ridge,default,0.1,1.0,0.18181818181818182,0.5624142661179699,0.12282708910624582,,,,,,,,
poisson,low,short,0,VAR-LiNGAM,default,0.6666666666666666,0.2222222222222222,0.3333333333333333,0.6035665294924555,0.2074074074074074,,,,,,,,
poisson,low,short,0,Poisson-GLM,default,0.1,1.0,0.18181818181818182,0.5528120713305898,0.15023404226526926,,,,,,,,
poisson,low,short,0,NOTEARS,default,0.0,0.0,0.0,0.5,0.1,,,,,,,,
poisson,low,short,0,PCMCI+,default,0.17391304347826086,0.4444444444444444,0.25,0.6049382716049383,0.13285024154589373,,,,,,,,
poisson,low,short,0,DYNOTEARS,default,0.0,0.0,0.0,0.4876543209876543,0.1,,,,,,,,
poisson,low,short,1,SBTG-Linear,hac5_alpha010_by,0.06896551724137931,0.2857142857142857,0.1111111111111111,0.48020654044750427,0.0752599890530925,11.0,0.0,18.0,29.0,,,success,45.626957416534424
poisson,low,short,1,SBTG-Linear,hac7_alpha010_by,0.06896551724137931,0.2857142857142857,0.1111111111111111,0.48020654044750427,0.0752599890530925,11.0,0.0,18.0,29.0,,,success,37.53632092475891
poisson,low,short,1,SBTG-FeatureBilinear,hac5_alpha010_by,0.11764705882352941,0.2857142857142857,0.16666666666666666,0.5524956970740104,0.08916900093370682,16.0,0.0,1.0,17.0,,,success,51.745970010757446
poisson,low,short,1,SBTG-FeatureBilinear,hac7_alpha010_by,0.11764705882352941,0.2857142857142857,0.16666666666666666,0.5524956970740104,0.08916900093370682,16.0,0.0,1.0,17.0,,,success,55.0415735244751
poisson,low,short,1,SBTG-Minimal,hac5_alpha010_by,0.0784313725490196,0.5714285714285714,0.13793103448275862,0.5025817555938038,0.07815126050420168,,,,,0.48881239242685015,0.5341176470588236,success,90.2680184841156
poisson,low,short,1,SBTG-Minimal,hac7_alpha010_by,0.1276595744680851,0.8571428571428571,0.2222222222222222,0.6815834767641997,0.1205336035123269,,,,,0.6746987951807228,0.5152941176470588,success,89.00618076324463
poisson,low,short,1,VAR-LASSO,default,0.23076923076923078,0.42857142857142855,0.3,0.6678141135972462,0.24444444444444444,,,,,,,,
poisson,low,short,1,VAR-Ridge,default,0.07777777777777778,1.0,0.14432989690721648,0.5938037865748709,0.20695775196753669,,,,,,,,
poisson,low,short,1,VAR-LiNGAM,default,1.0,0.14285714285714285,0.25,0.5714285714285714,0.2095238095238095,,,,,,,,
poisson,low,short,1,Poisson-GLM,default,0.07777777777777778,1.0,0.14432989690721648,0.5903614457831325,0.3958606073727537,,,,,,,,
poisson,low,short,1,NOTEARS,default,0.0,0.0,0.0,0.5,0.07777777777777778,,,,,,,,
poisson,low,short,1,PCMCI+,default,0.15789473684210525,0.42857142857142855,0.23076923076923078,0.6179001721170396,0.11211361737677528,,,,,,,,
poisson,low,short,1,DYNOTEARS,default,0.0,0.0,0.0,0.4939759036144578,0.07777777777777778,,,,,,,,
poisson,high,short,1,SBTG-Linear,hac5_alpha010_by,0.23333333333333334,1.0,0.3783783783783784,0.8614457831325302,0.23333333333333334,21.0,0.0,9.0,30.0,,,success,38.223822832107544
poisson,high,short,1,SBTG-Linear,hac7_alpha010_by,0.23333333333333334,1.0,0.3783783783783784,0.8614457831325302,0.23333333333333334,21.0,0.0,9.0,30.0,,,success,37.80308961868286
poisson,high,short,1,SBTG-FeatureBilinear,hac5_alpha010_by,0.24,0.8571428571428571,0.375,0.8141135972461274,0.2168253968253968,19.0,0.0,6.0,25.0,,,success,46.988115549087524
poisson,high,short,1,SBTG-FeatureBilinear,hac7_alpha010_by,0.22727272727272727,0.7142857142857143,0.3448275862068966,0.7547332185886404,0.18455988455988456,19.0,0.0,3.0,22.0,,,success,49.5902738571167
poisson,high,short,1,SBTG-Minimal,hac5_alpha010_by,0.10909090909090909,0.8571428571428571,0.1935483870967742,0.6333907056798622,0.10461760461760461,,,,,0.5817555938037865,0.6658823529411765,success,90.14415502548218
poisson,high,short,1,SBTG-Minimal,hac7_alpha010_by,0.07142857142857142,0.42857142857142855,0.12244897959183673,0.4793459552495697,0.07505668934240363,,,,,0.5008605851979346,0.8400000000000001,success,91.18198680877686
poisson,high,short,1,VAR-LASSO,default,0.08695652173913043,0.2857142857142857,0.13333333333333333,0.5335628227194491,0.11984126984126983,,,,,,,,
poisson,high,short,1,VAR-Ridge,default,0.07777777777777778,1.0,0.14432989690721648,0.46127366609294324,0.09548560263981382,,,,,,,,
poisson,high,short,1,VAR-LiNGAM,default,0.0,0.0,0.0,0.4819277108433735,0.07777777777777778,,,,,,,,
poisson,high,short,1,Poisson-GLM,default,0.07777777777777778,1.0,0.14432989690721648,0.4922547332185886,0.2220413973667771,,,,,,,,
poisson,high,short,1,NOTEARS,default,0.1111111111111111,0.14285714285714285,0.125,0.521514629948365,0.09047619047619047,,,,,,,,
poisson,high,short,1,PCMCI+,default,0.06896551724137931,0.2857142857142857,0.1111111111111111,0.48020654044750427,0.0752599890530925,,,,,,,,
poisson,high,short,1,DYNOTEARS,default,0.09090909090909091,0.14285714285714285,0.1111111111111111,0.5094664371772806,0.08707482993197278,,,,,,,,
poisson,high,short,0,SBTG-Linear,hac5_alpha010_by,0.2,0.8888888888888888,0.32653061224489793,0.7469135802469136,0.1888888888888889,27.0,0.0,13.0,40.0,,,success,38.415725231170654
poisson,high,short,0,SBTG-Linear,hac7_alpha010_by,0.20512820512820512,0.8888888888888888,0.3333333333333333,0.7530864197530864,0.19344729344729344,26.0,0.0,13.0,39.0,,,success,37.91124963760376
poisson,high,short,0,SBTG-FeatureBilinear,hac5_alpha010_by,0.21875,0.7777777777777778,0.34146341463414637,0.7345679012345678,0.19236111111111112,21.0,0.0,11.0,32.0,,,success,46.948569774627686
poisson,high,short,0,SBTG-FeatureBilinear,hac7_alpha010_by,0.22580645161290322,0.7777777777777778,0.35,0.7407407407407407,0.1978494623655914,21.0,0.0,10.0,31.0,,,success,49.60810947418213
poisson,high,short,0,SBTG-Minimal,hac5_alpha010_by,0.12962962962962962,0.7777777777777778,0.2222222222222222,0.5987654320987654,0.12304526748971194,,,,,0.5569272976680384,0.621403912543153,success,90.95678400993347
poisson,high,short,0,SBTG-Minimal,hac7_alpha010_by,0.1206896551724138,0.7777777777777778,0.208955223880597,0.5740740740740741,0.11609195402298851,,,,,0.6488340192043895,0.4672036823935558,success,91.67281174659729
poisson,high,short,0,VAR-LASSO,default,0.2,0.4444444444444444,0.27586206896551724,0.6207133058984912,0.1515993265993266,,,,,,,,
poisson,high,short,0,VAR-Ridge,default,0.1,1.0,0.18181818181818182,0.4773662551440329,0.10317941263255812,,,,,,,,
poisson,high,short,0,VAR-LiNGAM,default,0.0,0.0,0.0,0.46296296296296297,0.1,,,,,,,,
poisson,high,short,0,Poisson-GLM,default,0.1,1.0,0.18181818181818182,0.5048010973936901,0.17771991351154925,,,,,,,,
poisson,high,short,0,NOTEARS,default,0.0,0.0,0.0,0.4382716049382716,0.1,,,,,,,,
poisson,high,short,0,PCMCI+,default,0.125,0.3333333333333333,0.18181818181818182,0.537037037037037,0.10833333333333334,,,,,,,,
poisson,high,short,0,DYNOTEARS,default,0.0,0.0,0.0,0.42592592592592593,0.1,,,,,,,,
hawkes,low,short,0,SBTG-Linear,hac5_alpha010_by,0.11904761904761904,0.5555555555555556,0.19607843137254902,0.5493827160493827,0.11058201058201059,19.0,0.0,23.0,42.0,,,success,41.452584981918335
hawkes,low,short,0,SBTG-Linear,hac7_alpha010_by,0.11904761904761904,0.5555555555555556,0.19607843137254902,0.5493827160493827,0.11058201058201059,19.0,0.0,23.0,42.0,,,success,45.26517987251282
hawkes,low,short,0,SBTG-FeatureBilinear,hac5_alpha010_by,0.14634146341463414,0.6666666666666666,0.24,0.6172839506172839,0.13089430894308943,17.0,0.0,24.0,41.0,,,success,50.96491289138794
hawkes,low,short,0,SBTG-FeatureBilinear,hac7_alpha010_by,0.15789473684210525,0.6666666666666666,0.2553191489361702,0.6358024691358024,0.13859649122807016,17.0,0.0,21.0,38.0,,,success,54.09849953651428
hawkes,low,short,0,SBTG-Minimal,hac5_alpha010_by,0.13953488372093023,0.6666666666666666,0.23076923076923078,0.6049382716049382,0.1263565891472868,,,,,0.6337448559670782,0.5109321058688148,success,92.55155396461487
hawkes,low,short,0,SBTG-Minimal,hac7_alpha010_by,0.1206896551724138,0.7777777777777778,0.208955223880597,0.5740740740740741,0.11609195402298851,,,,,0.5075445816186557,0.5776754890678941,success,87.05993700027466
hawkes,low,short,0,VAR-LASSO,default,0.07142857142857142,0.1111111111111111,0.08695652173913043,0.47050754458161864,0.09898989898989899,,,,,,,,
hawkes,low,short,0,VAR-Ridge,default,0.1,1.0,0.18181818181818182,0.4499314128943759,0.11614920708044699,,,,,,,,
hawkes,low,short,0,VAR-LiNGAM,default,0.0,0.0,0.0,0.4814814814814815,0.1,,,,,,,,
hawkes,low,short,0,Poisson-GLM,default,0.1,1.0,0.18181818181818182,0.4087791495198903,0.09431651339278639,,,,,,,,
hawkes,low,short,0,NOTEARS,default,0.0,0.0,0.0,0.5,0.1,,,,,,,,
hawkes,low,short,0,PCMCI+,default,0.05555555555555555,0.1111111111111111,0.07407407407407407,0.4506172839506173,0.09506172839506173,,,,,,,,
hawkes,low,short,0,DYNOTEARS,default,0.0,0.0,0.0,0.5,0.1,,,,,,,,
hawkes,low,short,1,SBTG-Linear,hac5_alpha010_by,0.03636363636363636,0.2857142857142857,0.06451612903225806,0.32358003442340794,0.06594516594516595,35.0,0.0,20.0,55.0,,,success,41.8383514881134
hawkes,low,short,1,SBTG-Linear,hac7_alpha010_by,0.05357142857142857,0.42857142857142855,0.09523809523809523,0.3950086058519794,0.06740362811791384,36.0,0.0,20.0,56.0,,,success,45.32004141807556
hawkes,low,short,1,SBTG-FeatureBilinear,hac5_alpha010_by,0.06666666666666667,0.7142857142857143,0.12195121951219512,0.4354561101549053,0.06984126984126984,40.0,0.0,35.0,75.0,,,success,51.23725509643555
hawkes,low,short,1,SBTG-FeatureBilinear,hac7_alpha010_by,0.06756756756756757,0.7142857142857143,0.12345679012345678,0.4414802065404475,0.07048477048477049,41.0,0.0,33.0,74.0,,,success,54.59308910369873
hawkes,low,short,1,SBTG-Minimal,hac5_alpha010_by,0.05660377358490566,0.42857142857142855,0.1,0.4130808950086058,0.06870320455226116,,,,,0.387263339070568,0.5035294117647058,success,90.61539816856384
hawkes,low,short,1,SBTG-Minimal,hac7_alpha010_by,0.05660377358490566,0.42857142857142855,0.1,0.4130808950086058,0.06870320455226116,,,,,0.38898450946643714,0.4611764705882353,success,88.08195376396179
hawkes,low,short,1,VAR-LASSO,default,0.14285714285714285,0.2857142857142857,0.19047619047619047,0.5654044750430292,0.1061050061050061,,,,,,,,
hawkes,low,short,1,VAR-Ridge,default,0.07777777777777778,1.0,0.14432989690721648,0.5438898450946643,0.12905460919312828,,,,,,,,
hawkes,low,short,1,VAR-LiNGAM,default,0.5,0.14285714285714285,0.2222222222222222,0.5645438898450946,0.1380952380952381,,,,,,,,
hawkes,low,short,1,Poisson-GLM,default,0.07777777777777778,1.0,0.14432989690721648,0.5834767641996558,0.11978456608510002,,,,,,,,
hawkes,low,short,1,NOTEARS,default,0.0,0.0,0.0,0.5,0.07777777777777778,,,,,,,,
hawkes,low,short,1,PCMCI+,default,0.09523809523809523,0.2857142857142857,0.14285714285714285,0.5283993115318416,0.08276643990929705,,,,,,,,
hawkes,low,short,1,DYNOTEARS,default,0.0,0.0,0.0,0.5,0.07777777777777778,,,,,,,,
poisson,low,long,1,SBTG-Linear,hac5_alpha010_by,0.03125,0.14285714285714285,0.05128205128205128,0.3846815834767642,0.07113095238095238,14.0,0.0,18.0,32.0,,,success,102.15542960166931
poisson,low,long,1,SBTG-Linear,hac7_alpha010_by,0.03125,0.14285714285714285,0.05128205128205128,0.3846815834767642,0.07113095238095238,14.0,0.0,18.0,32.0,,,success,104.09684562683105
poisson,low,long,1,SBTG-FeatureBilinear,hac5_alpha010_by,0.08571428571428572,0.42857142857142855,0.14285714285714285,0.5215146299483648,0.08117913832199547,17.0,0.0,18.0,35.0,,,success,133.60663175582886
poisson,low,long,1,SBTG-FeatureBilinear,hac7_alpha010_by,0.08823529411764706,0.42857142857142855,0.14634146341463414,0.5275387263339071,0.08225957049486461,16.0,0.0,18.0,34.0,,,success,120.99325609207153
poisson,low,long,1,SBTG-Minimal,hac5_alpha010_by,0.08064516129032258,0.7142857142857143,0.14492753623188406,0.5137693631669535,0.07982590885816693,,,,,0.5490533562822719,0.7082352941176471,success,251.34258270263672
poisson,low,long,1,SBTG-Minimal,hac7_alpha010_by,0.08064516129032258,0.7142857142857143,0.14492753623188406,0.5137693631669535,0.07982590885816693,,,,,0.5370051635111877,0.7105882352941177,success,252.3262939453125
poisson,low,long,1,VAR-LASSO,default,0.375,0.42857142857142855,0.4,0.685025817555938,0.24444444444444444,,,,,,,,
poisson,low,long,1,VAR-Ridge,default,0.07777777777777778,1.0,0.14432989690721648,0.6660929432013769,0.310877974235286,,,,,,,,
poisson,low,long,1,VAR-LiNGAM,default,0.0,0.0,0.0,0.4879518072289157,0.07777777777777778,,,,,,,,
poisson,low,long,1,Poisson-GLM,default,0.07777777777777778,1.0,0.14432989690721648,0.6798623063683304,0.36644698726752256,,,,,,,,
poisson,low,long,1,NOTEARS,default,0.0,0.0,0.0,0.5,0.07777777777777778,,,,,,,,
poisson,low,long,1,PCMCI+,default,0.23076923076923078,0.42857142857142855,0.3,0.6540447504302928,0.14334554334554334,,,,,,,,
poisson,low,long,1,DYNOTEARS,default,0.0,0.0,0.0,0.4939759036144578,0.07777777777777778,,,,,,,,
poisson,low,long,0,SBTG-Linear,hac5_alpha010_by,0.1956521739130435,1.0,0.32727272727272727,0.7716049382716049,0.1956521739130435,26.0,0.0,20.0,46.0,,,success,102.07452654838562
poisson,low,long,0,SBTG-Linear,hac7_alpha010_by,0.1956521739130435,1.0,0.32727272727272727,0.7716049382716049,0.1956521739130435,26.0,0.0,20.0,46.0,,,success,104.97544407844543
poisson,low,long,0,SBTG-FeatureBilinear,hac5_alpha010_by,0.10344827586206896,0.3333333333333333,0.15789473684210525,0.5061728395061729,0.10114942528735633,13.0,0.0,16.0,29.0,,,success,133.7601490020752
poisson,low,long,0,SBTG-FeatureBilinear,hac7_alpha010_by,0.1,0.3333333333333333,0.15384615384615385,0.5,0.1,13.0,0.0,17.0,30.0,,,success,121.37249898910522
poisson,low,long,0,SBTG-Minimal,hac5_alpha010_by,0.08333333333333333,0.6666666666666666,0.14814814814814814,0.42592592592592593,0.08888888888888889,,,,,0.5843621399176955,0.4315304948216341,success,258.0294578075409
poisson,low,long,0,SBTG-Minimal,hac7_alpha010_by,0.0958904109589041,0.7777777777777778,0.17073170731707318,0.4814814814814815,0.09680365296803653,,,,,0.5651577503429356,0.5799769850402762,success,255.8477828502655
poisson,low,long,0,VAR-LASSO,default,0.1111111111111111,0.1111111111111111,0.1111111111111111,0.5020576131687242,0.10277777777777777,,,,,,,,
poisson,low,long,0,VAR-Ridge,default,0.1,1.0,0.18181818181818182,0.5651577503429355,0.1295057751244774,,,,,,,,
poisson,low,long,0,VAR-LiNGAM,default,0.0,0.0,0.0,0.47530864197530864,0.1,,,,,,,,
poisson,low,long,0,Poisson-GLM,default,0.1,1.0,0.18181818181818182,0.5486968449931413,0.13321618922613493,,,,,,,,
poisson,low,long,0,NOTEARS,default,0.0,0.0,0.0,0.5,0.1,,,,,,,,
poisson,low,long,0,PCMCI+,default,0.058823529411764705,0.1111111111111111,0.07692307692307693,0.45679012345679015,0.0954248366013072,,,,,,,,
poisson,low,long,0,DYNOTEARS,default,0.0,0.0,0.0,0.4876543209876543,0.1,,,,,,,,
hawkes,high,short,0,SBTG-Linear,hac5_alpha010_by,0.2,0.8888888888888888,0.32653061224489793,0.7469135802469136,0.1888888888888889,36.0,0.0,4.0,40.0,,,success,37.19480562210083
hawkes,high,short,0,SBTG-Linear,hac7_alpha010_by,0.20512820512820512,0.8888888888888888,0.3333333333333333,0.7530864197530864,0.19344729344729344,35.0,0.0,4.0,39.0,,,success,36.863741636276245
hawkes,high,short,0,SBTG-FeatureBilinear,hac5_alpha010_by,0.13333333333333333,0.2222222222222222,0.16666666666666666,0.5308641975308642,0.10740740740740741,6.0,0.0,9.0,15.0,,,success,51.51732850074768
hawkes,high,short,0,SBTG-FeatureBilinear,hac7_alpha010_by,0.09090909090909091,0.1111111111111111,0.1,0.4938271604938272,0.09898989898989899,5.0,0.0,6.0,11.0,,,success,56.419853925704956
hawkes,high,short,0,SBTG-Minimal,hac5_alpha010_by,0.12727272727272726,0.7777777777777778,0.21875,0.5925925925925926,0.1212121212121212,,,,,0.7119341563786008,0.6306098964326812,success,90.46194982528687
hawkes,high,short,0,SBTG-Minimal,hac7_alpha010_by,0.07272727272727272,0.4444444444444444,0.125,0.40740740740740744,0.08787878787878789,,,,,0.4842249657064472,0.5074798619102416,success,89.54425740242004
hawkes,high,short,0,VAR-LASSO,default,0.2,0.3333333333333333,0.25,0.5829903978052126,0.12945326278659613,,,,,,,,
hawkes,high,short,0,VAR-Ridge,default,0.1,1.0,0.18181818181818182,0.6104252400548696,0.14465239936616472,,,,,,,,
hawkes,high,short,0,VAR-LiNGAM,default,0.0,0.0,0.0,0.4876543209876543,0.1,,,,,,,,
hawkes,high,short,0,Poisson-GLM,default,0.1,1.0,0.18181818181818182,0.6323731138545954,0.20772212139528728,,,,,,,,
hawkes,high,short,0,NOTEARS,default,0.0,0.0,0.0,0.5,0.1,,,,,,,,
hawkes,high,short,0,PCMCI+,default,0.14285714285714285,0.3333333333333333,0.2,0.5555555555555556,0.1142857142857143,,,,,,,,
hawkes,high,short,0,DYNOTEARS,default,0.0,0.0,0.0,0.4876543209876543,0.1,,,,,,,,
hawkes,high,short,1,SBTG-Linear,hac5_alpha010_by,0.08571428571428572,0.42857142857142855,0.14285714285714285,0.5215146299483648,0.08117913832199547,30.0,0.0,5.0,35.0,,,success,37.30720925331116
hawkes,high,short,1,SBTG-Linear,hac7_alpha010_by,0.09375,0.42857142857142855,0.15384615384615385,0.5395869191049913,0.08462301587301588,29.0,0.0,3.0,32.0,,,success,37.150810956954956
hawkes,high,short,1,SBTG-FeatureBilinear,hac5_alpha010_by,0.2222222222222222,0.2857142857142857,0.25,0.6006884681583476,0.11904761904761904,2.0,0.0,7.0,9.0,,,success,51.80509114265442
hawkes,high,short,1,SBTG-FeatureBilinear,hac7_alpha010_by,0.2,0.2857142857142857,0.23529411764705882,0.5946643717728055,0.1126984126984127,2.0,0.0,8.0,10.0,,,success,56.83155393600464
hawkes,high,short,1,SBTG-Minimal,hac5_alpha010_by,0.05263157894736842,0.42857142857142855,0.09375,0.38898450946643714,0.06700083542188806,,,,,0.3562822719449225,0.5811764705882353,success,89.23946905136108
hawkes,high,short,1,SBTG-Minimal,hac7_alpha010_by,0.12,0.8571428571428571,0.21052631578947367,0.6635111876075731,0.11396825396825395,,,,,0.7951807228915663,0.4705882352941177,success,89.67742419242859
hawkes,high,short,1,VAR-LASSO,default,0.125,0.42857142857142855,0.1935483870967742,0.6161790017211703,0.19240362811791384,,,,,,,,
hawkes,high,short,1,VAR-Ridge,default,0.07777777777777778,1.0,0.14432989690721648,0.5542168674698795,0.17164982164982165,,,,,,,,
hawkes,high,short,1,VAR-LiNGAM,default,0.0,0.0,0.0,0.4939759036144578,0.07777777777777778,,,,,,,,
hawkes,high,short,1,Poisson-GLM,default,0.07777777777777778,1.0,0.14432989690721648,0.5524956970740103,0.27778692619673906,,,,,,,,
hawkes,high,short,1,NOTEARS,default,0.0,0.0,0.0,0.5,0.07777777777777778,,,,,,,,
hawkes,high,short,1,PCMCI+,default,0.10344827586206896,0.42857142857142855,0.16666666666666666,0.5576592082616179,0.08877941981390257,,,,,,,,
hawkes,high,short,1,DYNOTEARS,default,0.5,0.14285714285714285,0.2222222222222222,0.5645438898450946,0.1380952380952381,,,,,,,,
poisson,high,long,1,SBTG-Linear,hac5_alpha010_by,0.125,1.0,0.2222222222222222,0.7048192771084337,0.125,47.0,0.0,9.0,56.0,,,success,99.9968376159668
poisson,high,long,1,SBTG-Linear,hac7_alpha010_by,0.125,1.0,0.2222222222222222,0.7048192771084337,0.125,47.0,0.0,9.0,56.0,,,success,107.35825848579407
poisson,high,long,1,SBTG-FeatureBilinear,hac5_alpha010_by,0.12962962962962962,1.0,0.22950819672131148,0.7168674698795181,0.12962962962962962,21.0,0.0,33.0,54.0,,,success,138.73249554634094
poisson,high,long,1,SBTG-FeatureBilinear,hac7_alpha010_by,0.1320754716981132,1.0,0.23333333333333334,0.7228915662650602,0.1320754716981132,20.0,0.0,33.0,53.0,,,success,127.32927227020264
poisson,high,long,1,SBTG-Minimal,hac5_alpha010_by,0.1,1.0,0.18181818181818182,0.6204819277108433,0.1,,,,,0.7934595524956971,0.92,success,252.82996582984924
poisson,high,long,1,SBTG-Minimal,hac7_alpha010_by,0.1044776119402985,1.0,0.1891891891891892,0.6385542168674698,0.1044776119402985,,,,,0.8864027538726333,0.9364705882352942,success,256.6699175834656
poisson,high,long,1,VAR-LASSO,default,0.2727272727272727,0.42857142857142855,0.3333333333333333,0.6609294320137694,0.17063492063492064,,,,,,,,
poisson,high,long,1,VAR-Ridge,default,0.07777777777777778,1.0,0.14432989690721648,0.5146299483648881,0.12139380709978716,,,,,,,,
poisson,high,long,1,VAR-LiNGAM,default,0.0,0.0,0.0,0.4759036144578313,0.07777777777777778,,,,,,,,
poisson,high,long,1,Poisson-GLM,default,0.07777777777777778,1.0,0.14432989690721648,0.5559380378657487,0.3317927170868347,,,,,,,,
poisson,high,long,1,NOTEARS,default,0.16666666666666666,0.14285714285714285,0.15384615384615385,0.5404475043029259,0.10238095238095238,,,,,,,,
poisson,high,long,1,PCMCI+,default,0.12,0.42857142857142855,0.1875,0.5817555938037866,0.09587301587301586,,,,,,,,
poisson,high,long,1,DYNOTEARS,default,0.1,0.14285714285714285,0.11764705882352941,0.5180722891566264,0.09523809523809523,,,,,,,,
poisson,high,long,0,SBTG-Linear,hac5_alpha010_by,0.13043478260869565,1.0,0.23076923076923078,0.6296296296296297,0.13043478260869565,57.0,0.0,12.0,69.0,,,success,98.73294258117676
poisson,high,long,0,SBTG-Linear,hac7_alpha010_by,0.12857142857142856,1.0,0.22784810126582278,0.6234567901234568,0.12857142857142856,56.0,0.0,14.0,70.0,,,success,106.83429527282715
poisson,high,long,0,SBTG-FeatureBilinear,hac5_alpha010_by,0.12698412698412698,0.8888888888888888,0.2222222222222222,0.6049382716049383,0.12398589065255732,28.0,0.0,35.0,63.0,,,success,137.25932717323303
poisson,high,long,0,SBTG-FeatureBilinear,hac7_alpha010_by,0.12698412698412698,0.8888888888888888,0.2222222222222222,0.6049382716049383,0.12398589065255732,28.0,0.0,35.0,63.0,,,success,127.8254451751709
poisson,high,long,0,SBTG-Minimal,hac5_alpha010_by,0.20930232558139536,1.0,0.34615384615384615,0.7901234567901234,0.20930232558139536,,,,,0.9657064471879286,0.5477560414269275,success,257.77841997146606
poisson,high,long,0,SBTG-Minimal,hac7_alpha010_by,0.16666666666666666,0.8888888888888888,0.2807017543859649,0.6975308641975309,0.15925925925925927,,,,,0.8930041152263374,0.49597238204833133,success,261.5119731426239
poisson,high,long,0,VAR-LASSO,default,0.08333333333333333,0.1111111111111111,0.09523809523809523,0.4855967078189301,0.10277777777777777,,,,,,,,
poisson,high,long,0,VAR-Ridge,default,0.1,1.0,0.18181818181818182,0.36213991769547327,0.08456313418150899,,,,,,,,
poisson,high,long,0,VAR-LiNGAM,default,0.2,0.1111111111111111,0.14285714285714285,0.5308641975308642,0.12592592592592594,,,,,,,,
poisson,high,long,0,Poisson-GLM,default,0.1,1.0,0.18181818181818182,0.41152263374485587,0.14342966053199646,,,,,,,,
poisson,high,long,0,NOTEARS,default,0.0,0.0,0.0,0.46296296296296297,0.1,,,,,,,,
poisson,high,long,0,PCMCI+,default,0.15,0.3333333333333333,0.20689655172413793,0.5617283950617283,0.11666666666666667,,,,,,,,
poisson,high,long,0,DYNOTEARS,default,0.0,0.0,0.0,0.40740740740740744,0.1,,,,,,,,
tanh,low,short,0,SBTG-Linear,hac5_alpha010_by,0.15517241379310345,1.0,0.26865671641791045,0.6975308641975309,0.15517241379310345,58.0,0.0,0.0,58.0,,,success,38.076332807540894
tanh,low,short,0,SBTG-Linear,hac7_alpha010_by,0.15517241379310345,1.0,0.26865671641791045,0.6975308641975309,0.15517241379310345,58.0,0.0,0.0,58.0,,,success,36.86595034599304
tanh,low,short,0,SBTG-FeatureBilinear,hac5_alpha010_by,0.5555555555555556,0.5555555555555556,0.5555555555555556,0.7530864197530864,0.35308641975308647,9.0,0.0,0.0,9.0,,,success,56.1149365901947
tanh,low,short,0,SBTG-FeatureBilinear,hac7_alpha010_by,0.625,0.5555555555555556,0.5882352941176471,0.7592592592592593,0.39166666666666666,8.0,0.0,0.0,8.0,,,success,57.183905839920044
tanh,low,short,0,SBTG-Minimal,hac5_alpha010_by,0.10638297872340426,0.5555555555555556,0.17857142857142858,0.5185185185185186,0.10354609929078015,,,,,0.46502057613168724,0.5074798619102416,success,89.18717312812805
tanh,low,short,0,SBTG-Minimal,hac7_alpha010_by,0.0847457627118644,0.5555555555555556,0.14705882352941177,0.4444444444444445,0.09152542372881356,,,,,0.5390946502057613,0.6409666283084005,success,88.16403937339783
tanh,low,short,0,VAR-LASSO,default,0.13725490196078433,0.7777777777777778,0.23333333333333334,0.5747599451303155,0.22674091110988265,,,,,,,,
tanh,low,short,0,VAR-Ridge,default,0.1,1.0,0.18181818181818182,0.5075445816186557,0.21330574536319746,,,,,,,,
tanh,low,short,0,VAR-LiNGAM,default,0.07692307692307693,0.3333333333333333,0.125,0.4183813443072702,0.09154869154869155,,,,,,,,
tanh,low,short,0,NOTEARS,default,0.0,0.0,0.0,0.49382716049382713,0.1,,,,,,,,
tanh,low,short,0,PCMCI+,default,0.09722222222222222,0.7777777777777778,0.1728395061728395,0.48765432098765427,0.09783950617283951,,,,,,,,
tanh,low,short,0,DYNOTEARS,default,0.16666666666666666,0.1111111111111111,0.13333333333333333,0.5267489711934157,0.14444444444444443,,,,,,,,
tanh,low,short,1,SBTG-Linear,hac5_alpha010_by,0.21212121212121213,1.0,0.35,0.8433734939759037,0.21212121212121213,33.0,0.0,0.0,33.0,,,success,38.181355714797974
tanh,low,short,1,SBTG-Linear,hac7_alpha010_by,0.21212121212121213,1.0,0.35,0.8433734939759037,0.21212121212121213,33.0,0.0,0.0,33.0,,,success,37.60790824890137
tanh,low,short,1,SBTG-FeatureBilinear,hac5_alpha010_by,0.45454545454545453,0.7142857142857143,0.5555555555555556,0.8209982788296042,0.34689754689754687,11.0,0.0,0.0,11.0,,,success,56.27702569961548
tanh,low,short,1,SBTG-FeatureBilinear,hac7_alpha010_by,0.45454545454545453,0.7142857142857143,0.5555555555555556,0.8209982788296042,0.34689754689754687,11.0,0.0,0.0,11.0,,,success,57.23541879653931
tanh,low,short,1,SBTG-Minimal,hac5_alpha010_by,0.11475409836065574,1.0,0.20588235294117646,0.6746987951807228,0.11475409836065574,,,,,0.8519793459552496,0.44941176470588234,success,91.29999780654907
tanh,low,short,1,SBTG-Minimal,hac7_alpha010_by,0.09523809523809523,0.5714285714285714,0.16326530612244897,0.5567986230636833,0.08775510204081632,,,,,0.5886402753872634,0.7694117647058825,success,86.32975840568542
tanh,low,short,1,VAR-LASSO,default,0.125,0.8571428571428571,0.21818181818181817,0.7013769363166954,0.32857026486058744,,,,,,,,
tanh,low,short,1,VAR-Ridge,default,0.07777777777777778,1.0,0.14432989690721648,0.621342512908778,0.31096791156685405,,,,,,,,
tanh,low,short,1,VAR-LiNGAM,default,0.06451612903225806,0.2857142857142857,0.10526315789473684,0.48709122203098104,0.0963718820861678,,,,,,,,
tanh,low,short,1,NOTEARS,default,0.0,0.0,0.0,0.5,0.07777777777777778,,,,,,,,
tanh,low,short,1,PCMCI+,default,0.1,0.7142857142857143,0.17543859649122806,0.5860585197934596,0.09365079365079367,,,,,,,,
tanh,low,short,1,DYNOTEARS,default,0.5,0.2857142857142857,0.36363636363636365,0.6342512908777969,0.3412698412698413,,,,,,,,
hawkes,low,long,1,SBTG-Linear,hac5_alpha010_by,0.03773584905660377,0.2857142857142857,0.06666666666666667,0.33562822719449226,0.06633722671458521,39.0,0.0,14.0,53.0,,,success,98.94738173484802
hawkes,low,long,1,SBTG-Linear,hac7_alpha010_by,0.03773584905660377,0.2857142857142857,0.06666666666666667,0.33562822719449226,0.06633722671458521,39.0,0.0,14.0,53.0,,,success,97.4848620891571
hawkes,low,long,1,SBTG-FeatureBilinear,hac5_alpha010_by,0.047619047619047616,0.42857142857142855,0.08571428571428572,0.3528399311531842,0.06485260770975057,48.0,0.0,15.0,63.0,,,success,137.23717331886292
hawkes,low,long,1,SBTG-FeatureBilinear,hac7_alpha010_by,0.04838709677419355,0.42857142857142855,0.08695652173913043,0.35886402753872637,0.06518177163338454,47.0,0.0,15.0,62.0,,,success,127.55827331542969
hawkes,low,long,1,SBTG-Minimal,hac5_alpha010_by,0.06349206349206349,0.5714285714285714,0.11428571428571428,0.43029259896729777,0.06961451247165532,,,,,0.3889845094664372,0.49176470588235294,success,256.5772297382355
hawkes,low,long,1,SBTG-Minimal,hac7_alpha010_by,0.05172413793103448,0.42857142857142855,0.09230769230769231,0.382960413080895,0.0666119321291735,,,,,0.35456110154905335,0.5788235294117647,success,248.26963424682617
hawkes,low,long,1,VAR-LASSO,default,0.16666666666666666,0.14285714285714285,0.15384615384615385,0.5438898450946643,0.1380952380952381,,,,,,,,
hawkes,low,long,1,VAR-Ridge,default,0.07777777777777778,1.0,0.14432989690721648,0.45266781411359724,0.14838992066342407,,,,,,,,
hawkes,low,long,1,VAR-LiNGAM,default,0.0,0.0,0.0,0.5,0.07777777777777778,,,,,,,,
hawkes,low,long,1,Poisson-GLM,default,0.07777777777777778,1.0,0.14432989690721648,0.46643717728055073,0.13548251993193944,,,,,,,,
hawkes,low,long,1,NOTEARS,default,0.0,0.0,0.0,0.5,0.07777777777777778,,,,,,,,
hawkes,low,long,1,PCMCI+,default,0.08695652173913043,0.2857142857142857,0.13333333333333333,0.5163511187607572,0.08040027605244997,,,,,,,,
hawkes,low,long,1,DYNOTEARS,default,0.0,0.0,0.0,0.5,0.07777777777777778,,,,,,,,
hawkes,low,long,0,SBTG-Linear,hac5_alpha010_by,0.14285714285714285,0.8888888888888888,0.24615384615384617,0.6481481481481481,0.1380952380952381,46.0,0.0,10.0,56.0,,,success,98.3557517528534
hawkes,low,long,0,SBTG-Linear,hac7_alpha010_by,0.14285714285714285,0.8888888888888888,0.24615384615384617,0.6481481481481481,0.1380952380952381,46.0,0.0,10.0,56.0,,,success,96.06212139129639
hawkes,low,long,0,SBTG-FeatureBilinear,hac5_alpha010_by,0.08888888888888889,0.4444444444444444,0.14814814814814814,0.4691358024691358,0.09506172839506173,42.0,0.0,3.0,45.0,,,success,137.0743923187256
hawkes,low,long,0,SBTG-FeatureBilinear,hac7_alpha010_by,0.08695652173913043,0.4444444444444444,0.14545454545454545,0.46296296296296297,0.09420289855072464,42.0,0.0,4.0,46.0,,,success,127.87279987335205
hawkes,low,long,0,SBTG-Minimal,hac5_alpha010_by,0.13043478260869565,0.6666666666666666,0.21818181818181817,0.5864197530864197,0.12028985507246377,,,,,0.522633744855967,0.42462600690448793,success,257.39739775657654
hawkes,low,long,0,SBTG-Minimal,hac7_alpha010_by,0.15555555555555556,0.7777777777777778,0.25925925925925924,0.654320987654321,0.14320987654320988,,,,,0.7215363511659808,0.5063291139240507,success,258.074095249176
hawkes,low,long,0,VAR-LASSO,default,0.0,0.0,0.0,0.4506172839506173,0.1,,,,,,,,
hawkes,low,long,0,VAR-Ridge,default,0.1,1.0,0.18181818181818182,0.39231824417009603,0.09066171830489972,,,,,,,,
hawkes,low,long,0,VAR-LiNGAM,default,0.0,0.0,0.0,0.5,0.1,,,,,,,,
hawkes,low,long,0,Poisson-GLM,default,0.1,1.0,0.18181818181818182,0.41838134430727025,0.1974953123304322,,,,,,,,
hawkes,low,long,0,NOTEARS,default,0.0,0.0,0.0,0.5,0.1,,,,,,,,
hawkes,low,long,0,PCMCI+,default,0.041666666666666664,0.1111111111111111,0.06060606060606061,0.4135802469135803,0.09351851851851853,,,,,,,,
hawkes,low,long,0,DYNOTEARS,default,0.0,0.0,0.0,0.5,0.1,,,,,,,,
tanh,high,short,0,SBTG-Linear,hac5_alpha010_by,0.21951219512195122,1.0,0.36,0.8024691358024691,0.21951219512195122,41.0,0.0,0.0,41.0,,,success,37.19962811470032
tanh,high,short,0,SBTG-Linear,hac7_alpha010_by,0.21428571428571427,1.0,0.35294117647058826,0.7962962962962963,0.21428571428571427,42.0,0.0,0.0,42.0,,,success,38.4087610244751
tanh,high,short,0,SBTG-FeatureBilinear,hac5_alpha010_by,0.1323529411764706,1.0,0.23376623376623376,0.6358024691358024,0.1323529411764706,20.0,0.0,48.0,68.0,,,success,56.06136465072632
tanh,high,short,0,SBTG-FeatureBilinear,hac7_alpha010_by,0.1323529411764706,1.0,0.23376623376623376,0.6358024691358024,0.1323529411764706,20.0,0.0,48.0,68.0,,,success,55.34099864959717
tanh,high,short,0,SBTG-Minimal,hac5_alpha010_by,0.14285714285714285,1.0,0.25,0.6666666666666667,0.14285714285714285,,,,,0.9478737997256516,0.7928653624856157,success,88.22334957122803
tanh,high,short,0,SBTG-Minimal,hac7_alpha010_by,0.13636363636363635,1.0,0.24,0.6481481481481481,0.13636363636363635,,,,,0.897119341563786,0.5707710011507481,success,89.5498673915863
tanh,high,short,0,VAR-LASSO,default,0.15384615384615385,0.4444444444444444,0.22857142857142856,0.5919067215363512,0.1554217387550721,,,,,,,,
tanh,high,short,0,VAR-Ridge,default,0.1,1.0,0.18181818181818182,0.6090534979423868,0.17487546655585437,,,,,,,,
tanh,high,short,0,VAR-LiNGAM,default,0.0,0.0,0.0,0.42592592592592593,0.1,,,,,,,,
tanh,high,short,0,NOTEARS,default,0.14285714285714285,0.1111111111111111,0.125,0.5171467764060357,0.11111111111111112,,,,,,,,
tanh,high,short,0,PCMCI+,default,0.08,0.2222222222222222,0.11764705882352941,0.4691358024691359,0.09555555555555556,,,,,,,,
tanh,high,short,0,DYNOTEARS,default,0.125,0.1111111111111111,0.11764705882352941,0.5116598079561043,0.11111111111111112,,,,,,,,
tanh,high,short,1,SBTG-Linear,hac5_alpha010_by,0.2413793103448276,1.0,0.3888888888888889,0.8674698795180723,0.2413793103448276,25.0,0.0,4.0,29.0,,,success,37.287363052368164
tanh,high,short,1,SBTG-Linear,hac7_alpha010_by,0.2413793103448276,1.0,0.3888888888888889,0.8674698795180723,0.2413793103448276,26.0,0.0,3.0,29.0,,,success,39.26805877685547
tanh,high,short,1,SBTG-FeatureBilinear,hac5_alpha010_by,0.12280701754385964,1.0,0.21875,0.6987951807228916,0.12280701754385964,17.0,0.0,40.0,57.0,,,success,56.435555934906006
tanh,high,short,1,SBTG-FeatureBilinear,hac7_alpha010_by,0.11666666666666667,1.0,0.208955223880597,0.6807228915662651,0.11666666666666667,17.0,0.0,43.0,60.0,,,success,55.13757133483887
tanh,high,short,1,SBTG-Minimal,hac5_alpha010_by,0.125,1.0,0.2222222222222222,0.7048192771084337,0.125,,,,,0.9793459552495697,0.7200000000000001,success,89.01456999778748
tanh,high,short,1,SBTG-Minimal,hac7_alpha010_by,0.15789473684210525,0.8571428571428571,0.26666666666666666,0.7358003442340793,0.14644945697577277,,,,,0.9345955249569706,0.8658823529411764,success,90.02369737625122
tanh,high,short,1,VAR-LASSO,default,0.13043478260869565,0.42857142857142855,0.2,0.6092943201376936,0.3011732229123533,,,,,,,,
tanh,high,short,1,VAR-Ridge,default,0.07777777777777778,1.0,0.14432989690721648,0.5266781411359724,0.3010532622139765,,,,,,,,
tanh,high,short,1,VAR-LiNGAM,default,0.0,0.0,0.0,0.4879518072289157,0.07777777777777778,,,,,,,,
tanh,high,short,1,NOTEARS,default,0.5,0.2857142857142857,0.36363636363636365,0.6342512908777969,0.3412698412698413,,,,,,,,
tanh,high,short,1,PCMCI+,default,0.13043478260869565,0.42857142857142855,0.2,0.5938037865748709,0.10034506556245687,,,,,,,,
tanh,high,short,1,DYNOTEARS,default,0.2857142857142857,0.2857142857142857,0.2857142857142857,0.6179001721170395,0.2222222222222222,,,,,,,,
hawkes,high,long,1,SBTG-Linear,hac5_alpha010_by,0.13157894736842105,0.7142857142857143,0.2222222222222222,0.6583476764199656,0.11620718462823726,12.0,0.0,26.0,38.0,,,success,102.71020436286926
hawkes,high,long,1,SBTG-Linear,hac7_alpha010_by,0.13157894736842105,0.7142857142857143,0.2222222222222222,0.6583476764199656,0.11620718462823726,12.0,0.0,26.0,38.0,,,success,95.48610258102417
hawkes,high,long,1,SBTG-FeatureBilinear,hac5_alpha010_by,0.13513513513513514,0.7142857142857143,0.22727272727272727,0.6643717728055077,0.11874731874731875,28.0,0.0,9.0,37.0,,,success,136.78047275543213
hawkes,high,long,1,SBTG-FeatureBilinear,hac7_alpha010_by,0.14285714285714285,0.7142857142857143,0.23809523809523808,0.6764199655765921,0.12426303854875284,23.0,0.0,12.0,35.0,,,success,126.67675423622131
hawkes,high,long,1,SBTG-Minimal,hac5_alpha010_by,0.09523809523809523,0.8571428571428571,0.17142857142857143,0.5851979345955249,0.0927437641723356,,,,,0.5662650602409639,0.6564705882352941,success,250.47885751724243
hawkes,high,long,1,SBTG-Minimal,hac7_alpha010_by,0.1076923076923077,1.0,0.19444444444444445,0.6506024096385542,0.1076923076923077,,,,,0.6970740103270223,0.7105882352941177,success,241.3342423439026
hawkes,high,long,1,VAR-LASSO,default,0.2857142857142857,0.2857142857142857,0.2857142857142857,0.6161790017211703,0.1984126984126984,,,,,,,,
hawkes,high,long,1,VAR-Ridge,default,0.07777777777777778,1.0,0.14432989690721648,0.5662650602409639,0.20933221773557906,,,,,,,,
hawkes,high,long,1,VAR-LiNGAM,default,0.0,0.0,0.0,0.4939759036144578,0.07777777777777778,,,,,,,,
hawkes,high,long,1,Poisson-GLM,default,0.07777777777777778,1.0,0.14432989690721648,0.5955249569707401,0.3565651677974819,,,,,,,,
hawkes,high,long,1,NOTEARS,default,0.0,0.0,0.0,0.5,0.07777777777777778,,,,,,,,
hawkes,high,long,1,PCMCI+,default,0.09090909090909091,0.2857142857142857,0.13793103448275862,0.5223752151462995,0.08152958152958154,,,,,,,,
hawkes,high,long,1,DYNOTEARS,default,0.0,0.0,0.0,0.4939759036144578,0.07777777777777778,,,,,,,,
hawkes,high,long,0,SBTG-Linear,hac5_alpha010_by,0.16666666666666666,1.0,0.2857142857142857,0.7222222222222222,0.16666666666666666,31.0,0.0,23.0,54.0,,,success,103.79918766021729
hawkes,high,long,0,SBTG-Linear,hac7_alpha010_by,0.16666666666666666,1.0,0.2857142857142857,0.7222222222222222,0.16666666666666666,31.0,0.0,23.0,54.0,,,success,96.34035873413086
hawkes,high,long,0,SBTG-FeatureBilinear,hac5_alpha010_by,0.21951219512195122,1.0,0.36,0.8024691358024691,0.21951219512195122,29.0,0.0,12.0,41.0,,,success,137.99616241455078
hawkes,high,long,0,SBTG-FeatureBilinear,hac7_alpha010_by,0.21951219512195122,1.0,0.36,0.8024691358024691,0.21951219512195122,29.0,0.0,12.0,41.0,,,success,129.1969075202942
hawkes,high,long,0,SBTG-Minimal,hac5_alpha010_by,0.0958904109589041,0.7777777777777778,0.17073170731707318,0.4814814814814815,0.09680365296803653,,,,,0.6337448559670782,0.4844649021864212,success,257.9839150905609
hawkes,high,long,0,SBTG-Minimal,hac7_alpha010_by,0.25,1.0,0.4,0.8333333333333334,0.25,,,,,0.9231824417009602,0.380897583429229,success,246.17523550987244
hawkes,high,long,0,VAR-LASSO,default,0.2222222222222222,0.2222222222222222,0.2222222222222222,0.5596707818930041,0.11834215167548501,,,,,,,,
hawkes,high,long,0,VAR-Ridge,default,0.1,1.0,0.18181818181818182,0.49794238683127573,0.12348587500139607,,,,,,,,
hawkes,high,long,0,VAR-LiNGAM,default,0.0,0.0,0.0,0.49382716049382713,0.1,,,,,,,,
hawkes,high,long,0,Poisson-GLM,default,0.1,1.0,0.18181818181818182,0.5089163237311385,0.16177584869105335,,,,,,,,
hawkes,high,long,0,NOTEARS,default,0.0,0.0,0.0,0.49382716049382713,0.1,,,,,,,,
hawkes,high,long,0,PCMCI+,default,0.13333333333333333,0.2222222222222222,0.16666666666666666,0.5308641975308642,0.10740740740740741,,,,,,,,
hawkes,high,long,0,DYNOTEARS,default,0.0,0.0,0.0,0.4814814814814815,0.1,,,,,,,,
tanh,low,long,1,SBTG-Linear,hac5_alpha010_by,0.3,0.8571428571428571,0.4444444444444444,0.8442340791738383,0.26825396825396824,17.0,0.0,3.0,20.0,,,success,102.28135514259338
tanh,low,long,1,SBTG-Linear,hac7_alpha010_by,0.3157894736842105,0.8571428571428571,0.46153846153846156,0.8502581755593804,0.2817878028404344,16.0,0.0,3.0,19.0,,,success,93.8035728931427
tanh,low,long,1,SBTG-FeatureBilinear,hac5_alpha010_by,0.23333333333333334,1.0,0.3783783783783784,0.8614457831325302,0.23333333333333334,25.0,0.0,5.0,30.0,,,success,137.28715252876282
tanh,low,long,1,SBTG-FeatureBilinear,hac7_alpha010_by,0.23333333333333334,1.0,0.3783783783783784,0.8614457831325302,0.23333333333333334,25.0,0.0,5.0,30.0,,,success,128.30487942695618
tanh,low,long,1,SBTG-Minimal,hac5_alpha010_by,0.09859154929577464,1.0,0.1794871794871795,0.6144578313253012,0.09859154929577464,,,,,0.9173838209982789,0.9270588235294117,success,222.19526028633118
tanh,low,long,1,SBTG-Minimal,hac7_alpha010_by,0.10606060606060606,1.0,0.1917808219178082,0.6445783132530121,0.10606060606060606,,,,,0.9070567986230637,0.9505882352941176,success,194.8366870880127
tanh,low,long,1,VAR-LASSO,default,0.08695652173913043,0.2857142857142857,0.13333333333333333,0.5456110154905335,0.1746031746031746,,,,,,,,
tanh,low,long,1,VAR-Ridge,default,0.07777777777777778,1.0,0.14432989690721648,0.576592082616179,0.18810408144344115,,,,,,,,
tanh,low,long,1,VAR-LiNGAM,default,0.06666666666666667,0.14285714285714285,0.09090909090909091,0.4784853700516351,0.07765567765567766,,,,,,,,
tanh,low,long,1,NOTEARS,default,0.0,0.0,0.0,0.5,0.07777777777777778,,,,,,,,
tanh,low,long,1,PCMCI+,default,0.08695652173913043,0.5714285714285714,0.1509433962264151,0.5327022375215147,0.08302277432712216,,,,,,,,
tanh,low,long,1,DYNOTEARS,default,0.5,0.2857142857142857,0.36363636363636365,0.6342512908777969,0.3412698412698413,,,,,,,,
tanh,low,long,0,SBTG-Linear,hac5_alpha010_by,0.20930232558139536,1.0,0.34615384615384615,0.7901234567901234,0.20930232558139536,43.0,0.0,0.0,43.0,,,success,103.94147419929504
tanh,low,long,0,SBTG-Linear,hac7_alpha010_by,0.20930232558139536,1.0,0.34615384615384615,0.7901234567901234,0.20930232558139536,43.0,0.0,0.0,43.0,,,success,94.8368227481842
tanh,low,long,0,SBTG-FeatureBilinear,hac5_alpha010_by,0.23076923076923078,1.0,0.375,0.8148148148148149,0.23076923076923078,39.0,0.0,0.0,39.0,,,success,138.033207654953
tanh,low,long,0,SBTG-FeatureBilinear,hac7_alpha010_by,0.23076923076923078,1.0,0.375,0.8148148148148149,0.23076923076923078,39.0,0.0,0.0,39.0,,,success,129.12881517410278
tanh,low,long,0,SBTG-Minimal,hac5_alpha010_by,0.1111111111111111,0.8888888888888888,0.19753086419753085,0.5493827160493827,0.10987654320987654,,,,,0.6213991769547326,0.5489067894131185,success,224.8788993358612
tanh,low,long,0,SBTG-Minimal,hac7_alpha010_by,0.10144927536231885,0.7777777777777778,0.1794871794871795,0.5061728395061729,0.10112721417069244,,,,,0.5829903978052127,0.5051783659378597,success,201.17060947418213
tanh,low,long,0,VAR-LASSO,default,0.14285714285714285,0.5555555555555556,0.22727272727272727,0.5967078189300412,0.23511683209263853,,,,,,,,
tanh,low,long,0,VAR-Ridge,default,0.1,1.0,0.18181818181818182,0.47736625514403297,0.22294362819158017,,,,,,,,
tanh,low,long,0,VAR-LiNGAM,default,0.11764705882352941,0.4444444444444444,0.18604651162790697,0.5178326474622771,0.11010433158770755,,,,,,,,
tanh,low,long,0,NOTEARS,default,0.0,0.0,0.0,0.5,0.1,,,,,,,,
tanh,low,long,0,PCMCI+,default,0.1016949152542373,0.6666666666666666,0.17647058823529413,0.5061728395061729,0.10112994350282486,,,,,,,,
tanh,low,long,0,DYNOTEARS,default,0.16666666666666666,0.1111111111111111,0.13333333333333333,0.5281207133058985,0.2,,,,,,,,
tanh,high,long,1,SBTG-Linear,hac5_alpha010_by,0.3333333333333333,1.0,0.5,0.9156626506024097,0.3333333333333333,20.0,0.0,1.0,21.0,,,success,101.62618494033813
tanh,high,long,1,SBTG-Linear,hac7_alpha010_by,0.35,1.0,0.5185185185185185,0.9216867469879518,0.35,19.0,0.0,1.0,20.0,,,success,95.82513666152954
tanh,high,long,1,SBTG-FeatureBilinear,hac5_alpha010_by,0.07865168539325842,1.0,0.14583333333333334,0.5060240963855422,0.07865168539325842,16.0,0.0,73.0,89.0,,,success,107.72699928283691
tanh,high,long,1,SBTG-FeatureBilinear,hac7_alpha010_by,0.07865168539325842,1.0,0.14583333333333334,0.5060240963855422,0.07865168539325842,18.0,0.0,71.0,89.0,,,success,92.6434051990509
tanh,high,long,1,SBTG-Minimal,hac5_alpha010_by,0.1320754716981132,1.0,0.23333333333333334,0.7228915662650602,0.1320754716981132,,,,,1.0,0.9600000000000001,success,193.38452410697937
tanh,high,long,1,SBTG-Minimal,hac7_alpha010_by,0.11290322580645161,1.0,0.2028985507246377,0.6686746987951807,0.11290322580645161,,,,,0.9724612736660929,0.9858823529411765,success,187.935702085495
tanh,high,long,1,VAR-LASSO,default,0.13333333333333333,0.2857142857142857,0.18181818181818182,0.5869191049913941,0.3412698412698413,,,,,,,,
tanh,high,long,1,VAR-Ridge,default,0.07777777777777778,1.0,0.14432989690721648,0.5748709122203098,0.3115995261460156,,,,,,,,
tanh,high,long,1,VAR-LiNGAM,default,0.0,0.0,0.0,0.4819277108433735,0.07777777777777778,,,,,,,,
tanh,high,long,1,NOTEARS,default,0.5,0.2857142857142857,0.36363636363636365,0.6342512908777969,0.3412698412698413,,,,,,,,
tanh,high,long,1,PCMCI+,default,0.1,0.2857142857142857,0.14814814814814814,0.5344234079173837,0.08412698412698413,,,,,,,,
tanh,high,long,1,DYNOTEARS,default,0.2857142857142857,0.2857142857142857,0.2857142857142857,0.6179001721170395,0.2222222222222222,,,,,,,,
tanh,high,long,0,SBTG-Linear,hac5_alpha010_by,0.2727272727272727,1.0,0.42857142857142855,0.8518518518518519,0.2727272727272727,33.0,0.0,0.0,33.0,,,success,103.05508804321289
tanh,high,long,0,SBTG-Linear,hac7_alpha010_by,0.2647058823529412,1.0,0.4186046511627907,0.845679012345679,0.2647058823529412,34.0,0.0,0.0,34.0,,,success,97.0118944644928
tanh,high,long,0,SBTG-FeatureBilinear,hac5_alpha010_by,0.10465116279069768,1.0,0.18947368421052632,0.5246913580246914,0.10465116279069768,30.0,0.0,56.0,86.0,,,success,107.78598070144653
tanh,high,long,0,SBTG-FeatureBilinear,hac7_alpha010_by,0.10465116279069768,1.0,0.18947368421052632,0.5246913580246914,0.10465116279069768,30.0,0.0,56.0,86.0,,,success,92.1397876739502
tanh,high,long,0,SBTG-Minimal,hac5_alpha010_by,0.17307692307692307,1.0,0.29508196721311475,0.7345679012345678,0.17307692307692307,,,,,0.9986282578875171,0.5788262370540851,success,198.2056806087494
tanh,high,long,0,SBTG-Minimal,hac7_alpha010_by,0.17307692307692307,1.0,0.29508196721311475,0.7345679012345678,0.17307692307692307,,,,,0.9986282578875171,0.7157652474108172,success,186.07021594047546
tanh,high,long,0,VAR-LASSO,default,0.15789473684210525,0.3333333333333333,0.21428571428571427,0.5733882030178327,0.14135802469135803,,,,,,,,
tanh,high,long,0,VAR-Ridge,default,0.1,1.0,0.18181818181818182,0.6021947873799726,0.17300373246756606,,,,,,,,
tanh,high,long,0,VAR-LiNGAM,default,0.1111111111111111,0.1111111111111111,0.1111111111111111,0.5034293552812071,0.10476190476190476,,,,,,,,
tanh,high,long,0,NOTEARS,default,0.16666666666666666,0.1111111111111111,0.13333333333333333,0.522633744855967,0.11111111111111112,,,,,,,,
tanh,high,long,0,PCMCI+,default,0.15789473684210525,0.3333333333333333,0.21428571428571427,0.5679012345679012,0.1192982456140351,,,,,,,,
tanh,high,long,0,DYNOTEARS,default,0.125,0.1111111111111111,0.11764705882352941,0.5116598079561043,0.11111111111111112,,,,,,,,
