source,target,source_type,target_type,mu_forward,mu_backward,abs_diff,rel_diff,forward_dominant
RIB,SIB,interneuron,motor,2.348366515319311,0.5455054591354247,1.8028610561838865,0.6229926797163453,True
RIB,AVA,interneuron,interneuron,3.322964957137899,1.6443359577836234,1.6786289993542756,0.3379358384103457,True
RIB,AVB,interneuron,interneuron,2.2098298759656685,0.6058759902936944,1.6039538856719742,0.5696453968559743,True
SIB,RIB,motor,interneuron,1.889991408905333,0.4335307624408708,1.456460646464462,0.6268331175673412,True
AVB,RIB,interneuron,interneuron,1.8769560746495986,0.5165477011190145,1.360408373530584,0.5683752778024701,True
RIB,RIM,interneuron,interneuron,2.1030523927521636,0.8103163092904603,1.2927360834617034,0.4437255341251406,True
AVA,RIB,interneuron,interneuron,2.1959864756416776,1.313417911876645,0.8825685637650327,0.25148671007503726,True
RIB,RID,interneuron,interneuron,1.073655068777393,0.33462500712943954,0.7390300616479534,0.524774918170729,True
RID,RIB,interneuron,interneuron,1.0684621434233543,0.3422260118276746,0.7262361315956798,0.5148098315286178,True
RIB,RME,interneuron,motor,0.9980933349823631,0.5048180062067238,0.4932753287756393,0.32821319210522687,True
RIM,AVA,interneuron,interneuron,1.6244634356407615,1.2158645316950552,0.4085989039457063,0.1438562407687659,True
AVA,RIM,interneuron,interneuron,1.5769383147497573,1.1793279674069876,0.3976103473427697,0.14425687020965866,True
AVB,AVA,interneuron,interneuron,0.6477726743511991,0.2842098597243801,0.363562814626819,0.39009616735835334,True
AVB,SIB,interneuron,motor,0.41803671298288436,0.09300977199271594,0.32502694099016843,0.6360026934576928,True
SIB,AVB,motor,interneuron,0.3900816502212437,0.08428850364623768,0.305793146575006,0.6446298191769638,True
AVB,RIM,interneuron,interneuron,0.417716945466169,0.14355792497222197,0.274159020493947,0.4884576789104522,True
RIB,AVE,interneuron,interneuron,0.6779970308071902,0.4094245002546467,0.2685725305525435,0.2469810674666261,True
AVH,RIB,interneuron,interneuron,0.3996283651333242,0.15000710664347727,0.24962125848984695,0.45415783962684003,True
AVA,AVB,interneuron,interneuron,0.5080504376434021,0.2616725241993813,0.24637791344402077,0.3200864799747718,True
RME,RIB,motor,interneuron,0.598773498196616,0.3688737436371548,0.22989975455946116,0.237586327534013,True
AVJ,RIB,interneuron,interneuron,0.3520345666563931,0.13983378491344,0.2122007817429531,0.43141783979911963,True
RID,AVA,interneuron,interneuron,0.3917184570566568,0.18806469635893863,0.20365376069771818,0.3512584997732952,True
RIM,AVB,interneuron,interneuron,0.3348587145312357,0.13677650721598522,0.1980822073152505,0.4199902766791582,True
AWA,BAG,sensory,sensory,0.2164020283084806,0.02208799604416706,0.19431403226431354,0.8147679665440041,True
RID,AVB,interneuron,interneuron,0.24806248322503666,0.0673188506938954,0.18074363253114126,0.5730955292372863,True
AVD,RIB,interneuron,interneuron,0.1930255174482747,0.027727797690349647,0.16529771975792507,0.7487892971357902,True
ASK,ASH,sensory,sensory,0.07342156630030264,0.2334767413539255,0.16005517505362285,0.5215251143769716,False
ASH,ASK,sensory,sensory,0.07569341794157627,0.23573052472242798,0.1600371067808517,0.5138882558626109,False
RID,RIM,interneuron,interneuron,0.25771392641168167,0.10148018442896974,0.15623374198271195,0.434956301409201,True
AVB,RID,interneuron,interneuron,0.20547749431389845,0.05534037261214309,0.15013712170175536,0.5756397113958639,True
BAG,AWA,sensory,sensory,0.16861173969460255,0.018822991992488734,0.1497887477021138,0.7991515034271243,True
RIB,RMH,interneuron,motor,0.17940004031338722,0.04464708646990517,0.13475295384348204,0.6014491491947395,True
RMH,RIB,motor,interneuron,0.17542123098376153,0.0479122138100336,0.12750901717372792,0.5709356125965104,True
AVA,RME,interneuron,motor,0.45601816470645545,0.3326677891344058,0.12335037557204964,0.1563998635397264,True
RME,AVA,motor,interneuron,0.41071221426397847,0.2877716228954868,0.12294059136849167,0.17601064593112842,True
AVB,RME,interneuron,motor,0.20372933137192742,0.08596273687471018,0.11776659449721724,0.40652336520412063,True
RIM,RME,interneuron,motor,0.30082325691318273,0.19031027337146283,0.1105129835417199,0.22501616506445493,True
RME,RIM,motor,interneuron,0.27364333393482837,0.16472032045734838,0.10892301347747999,0.2484763788267576,True
PVC,ASH,interneuron,sensory,0.06294970390288977,0.16373009035044908,0.10078038644755931,0.4445936027737308,False
LUA,ASH,interneuron,sensory,0.04870528225891683,0.13656888777758,0.08786360551866318,0.4742355907136517,False
AIB,AVA,interneuron,interneuron,0.3160961496926459,0.2309055545810017,0.08519059511164417,0.15574100488259526,True
ASH,ADL,sensory,unknown,0.17044204853201142,0.2507197831923569,0.08027773466034546,0.19061018495575036,False
ADL,ASH,unknown,sensory,0.14653978177757815,0.22041968811217094,0.0738799063345928,0.20132988075401517,False
RME,AVB,motor,interneuron,0.139219184731228,0.0702719557935187,0.06894722893770928,0.32911763586800913,True
ASK,ADL,sensory,unknown,0.12508303369570667,0.1931400352161808,0.06805700152047414,0.21386570663087856,False
AVA,AIB,interneuron,interneuron,0.313195291033866,0.24538451467402136,0.06781077635984464,0.12139854619657847,True
AVH,AVB,interneuron,interneuron,0.0895382766248753,0.024556707813741502,0.0649815688111338,0.5695392227266574,True
AVB,AVE,interneuron,interneuron,0.13236962575360703,0.06810311414551413,0.0642665116080929,0.3205748153508283,True
PHB,ASH,sensory,sensory,0.019109535797463252,0.08318394480266171,0.06407440900519845,0.6263782263215155,False
AVJ,AVB,interneuron,interneuron,0.08720691453969902,0.028000271314861196,0.05920664322483782,0.5139144987725851,True
AWC,AIB,sensory,interneuron,0.07641752619994384,0.017605877730596426,0.058811648469347416,0.6255000983610898,True
RID,RME,interneuron,motor,0.11605249899078944,0.05812424414386818,0.05792825484692126,0.3325831782770107,True
RIM,AVE,interneuron,interneuron,0.35740468800809055,0.3008673347590689,0.05653735324902165,0.08588752261226054,True
AVE,RIM,interneuron,interneuron,0.33795227338864836,0.281986319144809,0.05596595424383938,0.09027660950433782,True
OLQ,AVA,sensory,interneuron,0.19499530137515605,0.13929122678267936,0.0557040745924767,0.16663571482459533,True
LUA,ASK,interneuron,sensory,0.056520520936078796,0.11066195203465616,0.054141431098577365,0.3238463345118128,False
PHA,ASK,sensory,sensory,0.03270431607189587,0.0864138767492346,0.05370956067733874,0.4508930110524801,False
PVC,ASK,interneuron,sensory,0.06479062357677935,0.1184588864171885,0.05366826284040915,0.29286988441545514,False
ADL,ASK,unknown,sensory,0.11434556654224867,0.16760488141420204,0.05325931487195337,0.1888960107674312,False
PLN,ASH,sensory,sensory,0.036818019840445325,0.08953500076445815,0.05271698092401283,0.4172197912635024,False
AIB,RIM,interneuron,interneuron,0.16913678330104184,0.11819962209814609,0.05093716120289575,0.1772736076182303,True
AVB,AVJ,interneuron,interneuron,0.07252907519201905,0.02252769327573692,0.05000138191628213,0.5260160077989755,True
PHA,ADL,sensory,unknown,0.058021088612466895,0.10724719724016132,0.04922610862769443,0.2978557461520741,False
RMH,SIB,motor,motor,0.053534794465979724,0.005622905662306253,0.04791188880367347,0.8099011391380055,True
RIM,OLQ,interneuron,sensory,0.1058284699917684,0.05992857932272758,0.045899890669040815,0.27691064018799266,True
RID,AVE,interneuron,interneuron,0.09768887917879486,0.05192319768353286,0.045765681495262,0.3058956363982955,True
RIM,AIB,interneuron,interneuron,0.17923112778992964,0.13568357650541554,0.0435475512845141,0.13828363895591336,True
AIB,AWC,interneuron,sensory,0.06285815962702515,0.020464120083182984,0.04239403954384217,0.5087959623813403,True
SIB,RMH,motor,motor,0.044664746882751155,0.00403201768948977,0.040632729193261385,0.8344030546329835,True
AVA,OLQ,interneuron,sensory,0.21114141071888012,0.17065696843655473,0.040484442282325395,0.10603618161312324,True
ASG,ASK,sensory,sensory,0.03650258242609894,0.07548471776902135,0.038982135342922414,0.34809425033189245,False
AVD,AVB,interneuron,interneuron,0.04051756209474435,0.0044289374839207715,0.03608862461082358,0.802924028986263,True
ASG,ASH,sensory,sensory,0.11374411159864407,0.1439872488092806,0.030243137210636525,0.1173436447587705,False
AFD,AVA,sensory,interneuron,0.09681537690496222,0.1260442724868606,0.029228895581898368,0.1311538255065363,False
PLN,ASK,sensory,sensory,0.03922628052901293,0.06747598504372089,0.028249704514707957,0.26475262110509007,False
RMH,AVB,motor,interneuron,0.035886216418556154,0.007774001022288018,0.028112215396268136,0.6438862877851934,True
PHB,ASK,sensory,sensory,0.03792764972607065,0.0657230474525359,0.027795397726465255,0.2681641171380929,False
ASK,ASG,sensory,sensory,0.038914434209822525,0.06589980462184082,0.026985370412018296,0.25745901212536765,False
AVF,ASK,interneuron,sensory,0.02432306384939618,0.05070126667065903,0.02637820282126285,0.3515953105246571,False
AVA,URY,interneuron,sensory,0.23967884999883593,0.26564041099229563,0.025961560993459698,0.051376551405147554,False
ADF,ASH,sensory,sensory,0.016142853512334528,0.03775541489382024,0.021612561381485713,0.4009880461933156,False
BAG,RIR,sensory,unknown,0.032328354698417855,0.011376509538871208,0.020951845159546647,0.4793938953305593,True
PVW,ASH,interneuron,sensory,0.010844150840850943,0.03154511369170375,0.020700962850852808,0.48835390352477587,False
PHC,ASK,sensory,sensory,0.019409549157232073,0.03973795826258848,0.02032840910535641,0.3436900379706496,False
AFD,AVE,sensory,interneuron,0.026208176370794194,0.04595753105571563,0.019749354684921436,0.2736667506192824,False
AVE,URY,interneuron,sensory,0.06045028135122494,0.07914523995639164,0.0186949586051667,0.13392233802815015,False
ASK,ADA,sensory,interneuron,0.016664806267567542,0.0350911843720277,0.018426378104460156,0.3560240629373808,False
ASH,ADA,sensory,interneuron,0.027965509564390152,0.046237706625052666,0.018272197060662514,0.24624535127141348,False
AVA,AFD,interneuron,sensory,0.10670341005291399,0.12491350737770451,0.018210097324790522,0.07862162021210409,False
AVJ,ASK,interneuron,sensory,0.012497142022828863,0.029968547099428613,0.01747140507659975,0.4114240318850751,False
AVJ,ASH,interneuron,sensory,0.08154523773664195,0.06452291720574443,0.017022320530897514,0.11653683532839815,True
RIP,ASK,interneuron,sensory,0.024685955950508487,0.041642157623713566,0.01695620167320508,0.2556412467341882,False
AVD,AVJ,interneuron,interneuron,0.03142433283451515,0.014519572421972233,0.016904760412542918,0.3679434798016344,True
ASH,AVJ,sensory,interneuron,0.07510146537561549,0.05837717830915713,0.016724287066458357,0.12529560229444195,True
PHB,ADL,sensory,unknown,0.057773835126550856,0.07429612202334103,0.016522286896790174,0.12510253838825786,False
OLQ,URY,sensory,sensory,0.03202096313303733,0.04843445524570448,0.016413492112667148,0.20400729277175997,False
ADF,ADL,sensory,unknown,0.005553028666761537,0.021861160427880975,0.01630813176111944,0.5948792300706269,False
AVE,AFD,interneuron,sensory,0.02904266986551589,0.04497749689334726,0.01593482702783137,0.215276832031666,False
ASG,ADF,sensory,sensory,0.006595750324217774,0.02213109684475416,0.015535346520536383,0.5407953881982802,False
ASH,ADF,sensory,sensory,0.014644003474945383,0.030133911681249632,0.01548990820630425,0.34592740902919156,False
AVJ,AVD,interneuron,interneuron,0.0296893463918155,0.014514821980037182,0.015174524411778316,0.34328265718742795,True
LUA,ADA,interneuron,interneuron,0.023942635596809425,0.03875623653398607,0.014813600937176645,0.23626582759969839,False
ADF,ASG,sensory,sensory,0.00948871531984493,0.024120264339759768,0.014631549019914838,0.4353464200511313,False
ASH,ASG,sensory,sensory,0.104686498563464,0.11929582496033522,0.014609326396871222,0.06522535421772413,False
ADL,ADF,unknown,sensory,0.002892033242616162,0.016913994743629354,0.014021961501013192,0.7079643348961459,False
URY,OLQ,sensory,sensory,0.028742139855647986,0.042656191573936325,0.013914051718288339,0.19487922785034512,False
ADF,ASK,sensory,sensory,0.009987425534654646,0.023871120207077542,0.013883694672422895,0.4100499394545945,False
AVA,URA,interneuron,sensory,0.027890412848145744,0.014812796335723568,0.013077616512422176,0.3062443486504446,True
ADL,ADA,unknown,interneuron,0.023075817301798647,0.03604807248141921,0.012972255179620563,0.21940801265348917,False
AVD,ASH,interneuron,sensory,0.03478127837714449,0.022206089201906306,0.012575189175238182,0.2206662579338783,True
ASG,AWB,sensory,sensory,0.010715828935389188,0.02314794968002153,0.012432120744632342,0.36712148544057,False
ASH,AVD,sensory,interneuron,0.03159138952574805,0.01919830053604609,0.012393088989701956,0.24400796599118635,True
LUA,ADL,interneuron,unknown,0.10167545312272186,0.1135845063735421,0.011909053250820242,0.055324052244349366,False
URX,ASH,sensory,sensory,0.006243557506581242,0.017969542000057966,0.011725984493476723,0.48428266863699965,False
PVW,ASK,interneuron,sensory,0.009230247309560251,0.02064949493734968,0.01141924762778943,0.3821735641227968,False
AVH,ASH,interneuron,sensory,0.06625342693366326,0.07755841992742808,0.01130499299376482,0.07860960854513895,False
RMD,AVA,motor,interneuron,0.07216585355352396,0.08338674750200101,0.011220893948477043,0.07213568828243598,False
AIB,URY,interneuron,sensory,0.025788373558492724,0.0358443288591842,0.010055955300691474,0.16315940872148707,False
ASK,ADF,sensory,sensory,0.00854007859231796,0.01857892587910057,0.01003884728678261,0.3701775727182416,False
AUA,ASK,unknown,sensory,0.0071288498191195045,0.016803214765688232,0.009674364946568727,0.40424280453788386,False
RMD,URY,motor,sensory,0.007427404067253649,0.017083386636034998,0.009655982568781349,0.3939482265698988,False
AWB,ASG,sensory,sensory,0.016816162303831143,0.026239385494235566,0.009423223190404423,0.2188619968955858,False
AVA,AVE,interneuron,interneuron,0.6043239781836517,0.6132152728880708,0.008891294704419073,0.007302676029427686,False
AVA,IL1,interneuron,sensory,0.02731062514253568,0.01857574265495685,0.00873488248757883,0.19035898650972002,True
RIM,RMD,interneuron,motor,0.0499610708235242,0.041919079864304834,0.008041990959219363,0.08752696736197184,True
ADL,AVJ,unknown,interneuron,0.05017437963931317,0.04241809909303223,0.0077562805462809414,0.0837679328180102,True
AIB,AVE,interneuron,interneuron,0.06870277624040658,0.061367374323253863,0.007335401917152713,0.05639573629864418,True
PVC,ADL,interneuron,unknown,0.10734753230165467,0.11463953385167153,0.007292001550016858,0.03284876760205211,False
URY,AVE,sensory,interneuron,0.045509594686193346,0.05276316864482544,0.007253573958632097,0.07381062367014482,False
ADE,ASK,sensory,sensory,0.00726207857493039,0.014361487010290556,0.007099408435360166,0.3283181200874931,False
RMD,AVE,motor,interneuron,0.019935392347167315,0.02701074202957191,0.007075349682404596,0.15071208228891084,False
CEP,ASK,sensory,sensory,0.008512914776228914,0.015397515854615143,0.006884601078386229,0.2879329592965135,False
RIP,OLL,interneuron,unknown,0.005290842634145237,0.012159684005771191,0.0068688413716259545,0.3936179964077606,False
OLL,RIP,unknown,interneuron,0.005704710632192159,0.012517355025402441,0.0068126443932102826,0.3738678415410122,False
RIM,ADF,interneuron,sensory,0.031094064158845247,0.03789313917068119,0.006799075011835944,0.09855559689097282,False
RIP,RMD,interneuron,motor,0.005037579786429294,0.01169698515999191,0.006659405373562617,0.39794314074429876,False
ADF,AIB,sensory,interneuron,0.008169477775440201,0.014781815863195392,0.006612338087755191,0.2881030656944692,False
SMB,ADL,motor,unknown,0.009409263134042067,0.015996729403637,0.006587466269594933,0.25928789177972156,False
URB,ASH,sensory,sensory,0.005392991317043756,0.011873162832147238,0.006480171515103482,0.37531064657360574,False
SAA,AVJ,motor,interneuron,0.011930779460905191,0.005469684454561159,0.006461095006344032,0.37131739708786543,True
SAA,ASH,motor,sensory,0.02189755325109697,0.015492781363915027,0.006404771887181943,0.1712948529613046,True
URY,RMD,sensory,motor,0.009376931986129856,0.01569622084499764,0.006319288858867785,0.2520340731070401,False
URY,AIB,sensory,interneuron,0.023294821803291545,0.02958039452950455,0.006285572726213006,0.11887559333590454,False
SMD,RIV,motor,motor,0.00988970622684338,0.01606268626546907,0.006172980038625689,0.23785783976057115,False
RMD,RIP,motor,interneuron,0.005743829967985424,0.01188781863172112,0.006143988663735695,0.3484636501314794,False
AIB,ASH,interneuron,sensory,0.031942883608978144,0.03806654963347645,0.006123666024498306,0.08746915568569298,False
OLQ,AIB,sensory,interneuron,0.028697012054571976,0.022635892784187667,0.006061119270384309,0.11807473739534607,True
IL1,ASH,sensory,sensory,0.007331209612437057,0.013342304636310386,0.006011095023873329,0.2907630953533319,False
ASH,AIB,sensory,interneuron,0.018548868141738093,0.024464840480001363,0.00591597233826327,0.13753690425846243,False
RMD,ASG,motor,sensory,0.010206291029256815,0.015960924217771906,0.005754633188515091,0.21991767607662263,False
AVE,AIB,interneuron,interneuron,0.07281413985668697,0.06718190233189006,0.0056322375247969125,0.04023140535063879,True
AIA,AVJ,interneuron,interneuron,0.016402920891425733,0.02199402466709262,0.005591103775666888,0.14561324292278707,False
SIA,ASH,motor,sensory,0.013674062329826497,0.019258559729108178,0.005584497399281681,0.16957342091773273,False
AVA,URB,interneuron,sensory,0.017301714261346992,0.011733969810730742,0.00556774445061625,0.19175523530354732,True
AVJ,AUA,interneuron,unknown,0.012414310748421035,0.006863867665053904,0.00555044308336713,0.28791325277372637,True
PLN,ADL,sensory,unknown,0.05735417949740192,0.06288444773254386,0.005530268235141932,0.04599410653588361,False
AVD,ADL,interneuron,unknown,0.021287250156183782,0.015759807311305763,0.005527442844878019,0.14920058994721885,True
ASK,URX,sensory,sensory,0.007257075843562498,0.012724000796741157,0.005466924953178659,0.27360512269848664,False
AVJ,RMH,interneuron,motor,0.01824926934613997,0.01278974724560611,0.005459522100533859,0.1758922376553784,True
SIA,ASK,motor,sensory,0.006715281216542118,0.01214533316544224,0.005430051948900122,0.28790429676015605,False
AVE,AVA,interneuron,interneuron,0.602316060903866,0.607735767143447,0.00541970623958099,0.004478904220060555,False
OLQ,AVE,sensory,interneuron,0.04905093443782677,0.043643206055769025,0.005407728382057747,0.058339484539450655,True
ASG,IL1,sensory,sensory,0.0021951121077671684,0.007589505773427216,0.005394393665660048,0.5513136717271785,False
IL1,ASG,sensory,sensory,0.004013421589932309,0.009401179231782455,0.005387757641850146,0.401633837137023,False
AVA,RMD,interneuron,motor,0.10397214537960456,0.098592202936246,0.005379942443358557,0.026559177295670547,True
OLQ,RIP,sensory,interneuron,0.01151672885916234,0.016884700643560006,0.005367971784397666,0.18900357691442166,False
AVA,ADF,interneuron,sensory,0.05915766746802348,0.053801061873091256,0.005356605594932222,0.047420908693246375,True
AUA,AVJ,unknown,interneuron,0.01256191237289877,0.0072777775646295775,0.005284134808269193,0.2663416010166405,True
URX,ASK,sensory,sensory,0.010192087554791703,0.015372753779751752,0.005180666224960049,0.2026480875394707,False
AVJ,ADL,interneuron,unknown,0.050845692882599595,0.04567461582052127,0.005171077062078325,0.05357501572675371,True
AIB,ADF,interneuron,sensory,0.009874307931252449,0.015031648628329439,0.00515734069707699,0.20707257976749283,False
RMG,ADA,interneuron,interneuron,0.0013846838675095358,0.0064844184071368065,0.005099734539627271,0.6480706816139834,False
PVW,ADL,interneuron,unknown,0.014324614766585015,0.019413086131246277,0.005088471364661262,0.15082448460220677,False
URB,ASK,sensory,sensory,0.004706673918567752,0.009712635829702962,0.0050059619111352096,0.3471707012201813,False
ADF,AVA,sensory,interneuron,0.04889903782231497,0.05386360276824383,0.004964564945928861,0.04831099038101085,False
RMH,AVJ,motor,interneuron,0.018210990872878433,0.013276015436476836,0.004934975436401597,0.15673053742369553,True
AFD,RMD,sensory,motor,0.005589661304172269,0.01051182595934501,0.004922164655172741,0.30569627165782043,False
RIP,CEP,interneuron,sensory,0.005638038254395534,0.010478778708146917,0.004840740453751383,0.3003533783976418,False
ADL,URX,unknown,sensory,0.005228584544100382,0.010047695771332864,0.004819111227232483,0.3154636532047327,False
AVE,RMD,interneuron,motor,0.02846797641598537,0.03321776819190144,0.004749791775916071,0.07699982870286702,False
CEP,RIP,sensory,interneuron,0.005312172798251306,0.009957200257363784,0.004645027459112478,0.30420551071569935,False
ASK,URB,sensory,sensory,0.002111954360546081,0.006719410706567352,0.004607456346021271,0.52171507562372,False
AVD,AUA,interneuron,unknown,0.007429056437352672,0.0029201280051601533,0.0045089284321925185,0.4356795855432424,True
URX,ADL,sensory,unknown,0.009135574472815348,0.013617560162950772,0.004481985690135424,0.19698321757353715,False
IL2,ASH,sensory,sensory,0.0036787956301597494,0.008108457298609376,0.004429661668449627,0.3758010163723609,False
AIB,OLQ,interneuron,sensory,0.025978161107821758,0.02156075725377971,0.004417403854042049,0.09292184166137711,True
URB,ASG,sensory,sensory,0.0026183200928779314,0.006982599584065892,0.0043642794911879605,0.454568894708253,False
RMD,AFD,motor,sensory,0.0052736191407023745,0.009562222998981212,0.004288603858278838,0.2890704679244624,False
ADF,URY,sensory,sensory,0.006715924527884543,0.01098502573126274,0.004269101203378197,0.2411792088424259,False
ADF,RIP,sensory,interneuron,0.0057707798132018125,0.009905859498131282,0.00413507968492947,0.26377334940421615,False
RIP,OLQ,interneuron,sensory,0.009268105259977708,0.01340036942162739,0.0041322641616496816,0.18229123050673485,False
ASG,AVJ,sensory,interneuron,0.036473602804403274,0.03234263540721437,0.004130967397188906,0.06002896261900894,True
CEP,RMD,sensory,motor,0.001197895372553511,0.005280990299877906,0.004083094927324395,0.6302156066246062,False
AVH,AVD,interneuron,interneuron,0.013435004602277822,0.009366294648610286,0.004068709953667536,0.17844202170474377,True
AIN,ASK,interneuron,sensory,0.008536155158478652,0.01259753497243029,0.004061379813951637,0.19217561010767975,False
RIP,ADF,interneuron,sensory,0.005411722369805178,0.009464778104362618,0.00405305573455744,0.2724468509479536,False
AUA,AVD,unknown,interneuron,0.007120305786493152,0.003090341677354523,0.004029964109138629,0.39468251978526026,True
RMD,CEP,motor,sensory,0.0016225109580166657,0.0056021821083624395,0.003979671150345774,0.5508429297545266,False
AVH,ASI,interneuron,sensory,0.040941651897728304,0.04487128611492458,0.003929634217196276,0.04579302729429401,False
IL1,ASK,sensory,sensory,0.004630369706772858,0.008519388626842058,0.0038890189200692007,0.29574831657193384,False
RIM,URY,interneuron,sensory,0.11831084067696115,0.11442688198421747,0.0038839586927436887,0.016688135669047394,True
RIP,URA,interneuron,sensory,0.003506848137660603,0.007388754734798739,0.0038819065971381363,0.3562819429957549,False
AIB,ASK,interneuron,sensory,0.020221511955511064,0.0240820708022338,0.003860558846722737,0.08713875036063498,False
SIA,ASG,motor,sensory,0.005401342568207048,0.00917828612893148,0.0037769435607244327,0.25905622243727594,False
RIP,AIN,interneuron,interneuron,0.002756550084412841,0.006431205048826655,0.0036746549644138143,0.3999513342627624,False
RIP,URB,interneuron,sensory,0.0031481672061767435,0.006691831235636557,0.0035436640294598133,0.3601285116457743,False
URA,RIP,sensory,interneuron,0.003639926581213741,0.007159424857813958,0.003519498276600217,0.3258990379080751,False
AVH,AVJ,interneuron,interneuron,0.046600665184117034,0.043142769872355394,0.00345789531176164,0.03853089984501504,True
AVH,RMH,interneuron,motor,0.014244598611078194,0.010786894159001756,0.0034577044520764377,0.1381341684262635,True
URA,ASG,sensory,sensory,0.003086764798222518,0.006540363066315041,0.0034535982680925226,0.3587360925100591,False
AVJ,AVH,interneuron,interneuron,0.04516918991896592,0.0417372615566359,0.003431928362330021,0.039489914731411065,True
ASG,AVH,sensory,interneuron,0.04558757913819573,0.042177448511858034,0.0034101306263376943,0.038855233271838235,True
ASK,RMD,sensory,motor,0.018217416882749315,0.014816628404140003,0.003400788478609312,0.10294798710784088,True
URA,ASK,sensory,sensory,0.006350550704874478,0.009712417647474558,0.0033618669426000794,0.20929300537276735,False
URY,OLL,sensory,unknown,0.007058025245910485,0.010349517861039393,0.0032914926151289088,0.18908427088176327,False
CEP,RIH,sensory,interneuron,0.0032850888577448997,0.0064919709512647516,0.003206882093519852,0.3280006590288641,False
AUA,ASH,unknown,sensory,0.019052207597251167,0.022258124015120635,0.003205916417869468,0.07760568083042882,False
IL2,ASK,sensory,sensory,0.0035830293440751843,0.0067713643610662995,0.003188335016991115,0.3079209731629045,False
SMB,AVF,motor,interneuron,0.006210006478894026,0.009378696120090685,0.003168689641196659,0.20326833492071378,False
OLL,ASK,unknown,sensory,0.010697829640764041,0.013853301794610452,0.0031554721538464107,0.12852654670111024,False
AVH,AUA,interneuron,unknown,0.00967415938079461,0.006537176372035608,0.0031369830087590016,0.19350552213816105,True
ASG,ADL,sensory,unknown,0.10142873531554976,0.10452466342634899,0.0030959281107992287,0.015032177804338324,False
AIN,RIP,interneuron,interneuron,0.002687606892668392,0.005776076295980327,0.003088469403311935,0.3649084326506066,False
ASK,IL2,sensory,sensory,0.0020762850017475355,0.005107239946294885,0.0030309549445473494,0.42193142284278856,False
URB,RIP,sensory,interneuron,0.0031539137247285844,0.006163541876632538,0.0030096281519039537,0.3230096550353653,False
RMD,SMD,motor,motor,0.009841256088250714,0.012816364153797914,0.0029751080655472002,0.1313071726259758,False
RMD,ASH,motor,sensory,0.02767166720287889,0.024728359247953715,0.0029433079549251763,0.056169970678734485,True
AVD,AVH,interneuron,interneuron,0.011860342175860319,0.008955327817166545,0.0029050143586937735,0.1395590123071242,True
RIP,IL1,interneuron,sensory,0.0036374038947097186,0.006464396742209471,0.002826992847499752,0.27985038718571265,False
ADF,CEP,sensory,sensory,0.001240922719156766,0.004044339869083502,0.0028034171499267363,0.5304215353693491,False
AVE,URA,interneuron,sensory,0.009026468462362993,0.006297258596291897,0.0027292098660710957,0.17810352780456742,True
RMD,AIB,motor,interneuron,0.0155939151448618,0.018312582487814276,0.0027186673429524764,0.08018130814886452,False
CEP,ADF,sensory,sensory,0.0013426869538021957,0.004053306809251019,0.0027106198554488234,0.5023393139878544,False
RMD,OLQ,motor,sensory,0.009435587215995186,0.012090780211005278,0.0026551929950100923,0.12334607739460413,False
URA,AVE,sensory,interneuron,0.006584359018170331,0.00395180943022273,0.002632549587947601,0.24985834042576208,True
IL1,RIP,sensory,interneuron,0.0038199366378406183,0.006450190158665654,0.002630253520825036,0.256107207567202,False
AVH,ADL,interneuron,unknown,0.05434450676547422,0.05695430496153921,0.002609798196064987,0.023448571940923105,False
RME,SIA,motor,motor,0.010495312632805677,0.007902043326937792,0.0025932693058678853,0.14095880394152926,True
OLL,URY,unknown,sensory,0.006059774316190262,0.008634856981011685,0.002575082664821423,0.17523969096031583,False
OLQ,CEP,sensory,sensory,0.0023685726908406197,0.004774254992721501,0.002405682301880881,0.33679690660008743,False
ADL,AUA,unknown,unknown,0.017197626118112826,0.014830886470283444,0.002366739647829382,0.07389477216301825,True
ADF,AFD,sensory,sensory,0.0038554672564398832,0.006219184558818505,0.002363717302378622,0.23462024517181534,False
SMB,RMH,motor,motor,0.007084116153950313,0.0047851027552238,0.0022990133987265135,0.19369542317397043,True
RMD,ADF,motor,sensory,0.00612216910063148,0.008347815890919012,0.002225646790287532,0.15381127044748383,False
AVD,SMB,interneuron,motor,0.005182576429058478,0.0029804697903238185,0.00220210663873466,0.2697652999353916,True
ASG,IL2,sensory,sensory,0.001512420381896097,0.003694615772890577,0.0021821953909944803,0.41908588383429307,False
ADF,RMD,sensory,motor,0.006252068196554337,0.008433068807417066,0.0021810006108627282,0.14851755182271367,False
ALA,URX,interneuron,sensory,0.003001625416467758,0.005182582066011212,0.002180956649543454,0.266483544993717,False
URY,ADF,sensory,sensory,0.0069869440019203225,0.009159023988292245,0.002172079986371923,0.13452770216290735,False
AVE,OLQ,interneuron,sensory,0.05359977792457766,0.05574986153304485,0.0021500836084671904,0.019662466352567992,False
AVJ,SMB,interneuron,motor,0.011627199825806815,0.009559188462873278,0.002068011362933537,0.09761037723817417,True
RIP,URX,interneuron,sensory,0.0028287990811422894,0.004888322487376986,0.0020595234062346962,0.26687714600071455,False
IL2,ASG,sensory,sensory,0.0022201649139446653,0.004189523643486716,0.0019693587295420505,0.3072471745189651,False
RMH,AVH,motor,interneuron,0.011988827663550082,0.010029585579940044,0.0019592420836100372,0.08898198308141485,True
SIA,AIA,motor,interneuron,0.006089744244069513,0.008015029385718618,0.0019252851416491053,0.13649883213532593,False
AIA,RMF,interneuron,motor,0.0033607037145779953,0.005285284008632203,0.0019245802940542076,0.22259808056722707,False
SIA,AVF,motor,interneuron,0.0045691919051424916,0.006462073649378481,0.0018928817442359896,0.17159243585619072,False
RMH,SMB,motor,motor,0.006458782195837073,0.004620207656794796,0.001838574539042277,0.16595145829205438,True
IL2,ADL,sensory,unknown,0.004407189523503478,0.006213064472814449,0.0018058749493109708,0.17004065372946894,False
CEP,OLL,sensory,unknown,0.0015481246589198853,0.0033381211362878546,0.0017899964773679692,0.36633368761149243,False
RMD,ADL,motor,unknown,0.023317830165509805,0.02153479561674524,0.0017830345487645644,0.03975318086047628,True
AFD,ADF,sensory,sensory,0.0051204017971422855,0.006883884646323725,0.0017634828491814398,0.14690442808042697,False
AVE,IL1,interneuron,sensory,0.008387182771918996,0.00666595336287428,0.001721229409044716,0.11434357480046772,True
CEP,URA,sensory,sensory,0.001082169018464017,0.002799873269096004,0.0017177042506319872,0.4424743676515122,False
SMB,AVJ,motor,interneuron,0.011719046186786895,0.010008842607086857,0.0017102035797000384,0.07871006649809571,True
SMB,AVD,motor,interneuron,0.004973394908379431,0.0032782640009330205,0.00169513090744641,0.20542910286687344,True
ADF,URB,sensory,sensory,0.001235473534862397,0.0029089638433529405,0.0016734903084905436,0.4037919059672185,False
AWB,ADF,sensory,sensory,0.010032734586674833,0.00836333689592721,0.0016693976907476236,0.09074751004591898,True
CEP,IL1,sensory,sensory,0.000985660823771878,0.002637214937634725,0.0016515541138628473,0.45586825964873706,False
RMF,AIA,motor,interneuron,0.003726826730332319,0.005371786756813934,0.0016449600264816155,0.1807923823477321,False
RIA,AVE,interneuron,interneuron,0.0040020803178964,0.0056427717149091505,0.0016406913970127505,0.17011058069331922,False
SMB,AIA,motor,interneuron,0.010374450545215486,0.012014987692228961,0.0016405371470134752,0.07327281382801887,False
OLQ,OLL,sensory,unknown,0.012901549534133413,0.014507456425801686,0.001605906891668273,0.05859048256462298,False
AUA,CEP,unknown,sensory,0.001010352656037577,0.0025908947251848005,0.0015805420691472234,0.43888737927301164,False
URY,AVA,sensory,interneuron,0.19271027548774844,0.19426089003028862,0.0015506145425401852,0.004007054479275418,False
ADF,IL1,sensory,sensory,0.0017922290413236654,0.0033197333757640957,0.0015275043344404303,0.29880976813394866,False
RMD,ASK,motor,sensory,0.024585710407739856,0.023071312660438707,0.0015143977473011487,0.031777010955068186,True
CEP,AUA,sensory,unknown,0.0014470286056368397,0.0029432225109975335,0.0014961939053606938,0.3407991551125169,False
AIY,ASK,interneuron,sensory,0.012729640181677417,0.011240879972938258,0.0014887602087391583,0.06210796398766055,True
IL1,AVE,sensory,interneuron,0.006108766480705282,0.004631154733881641,0.0014776117468236405,0.13758124510807665,True
IL1,ADF,sensory,sensory,0.0018083375152627898,0.0032189603549235496,0.0014106228396607598,0.28059264599517547,False
RMD,URB,motor,sensory,0.0015157823433202,0.0029164139868489186,0.0014006316435287186,0.3160129894051819,False
URB,ADF,sensory,sensory,0.0012922898152245494,0.0026887815110831544,0.001396491695858605,0.35078287885776505,False
IL1,CEP,sensory,sensory,0.0012242009318223833,0.0026175056442629325,0.0013933047124405492,0.3626785774962708,False
URA,CEP,sensory,sensory,0.0013214605093328044,0.0027144102552178937,0.0013929497458850892,0.34514229831289767,False
CEP,URB,sensory,sensory,0.0007204386397535065,0.002103778207070791,0.0013833395673172842,0.48981349285959996,False
AIA,AIY,interneuron,interneuron,0.006572500126307609,0.005206163834636254,0.0013663362916713547,0.11600095601689703,True
RMD,OLL,motor,unknown,0.0035216644778688954,0.004885838167806521,0.001364173689937626,0.162256704660527,False
AVD,SIA,interneuron,motor,0.003585986105024349,0.002233493243856116,0.001352492861168233,0.23240787652036846,True
AIY,ADL,interneuron,unknown,0.015495298798332965,0.014163888426232618,0.001331410372100347,0.04489031872419478,True
URX,RIP,sensory,interneuron,0.002656697064423438,0.003979187839670059,0.0013224907752466208,0.19929380548801137,False
AVF,SIA,interneuron,motor,0.004837748896295664,0.006139177574391999,0.0013014286780963355,0.11856038843984049,False
AIA,SMB,interneuron,motor,0.009791124071026395,0.011071293242910996,0.0012801691718846014,0.06136245606079039,False
OLL,CEP,unknown,sensory,0.0020694322893145597,0.0033163764084501095,0.0012469441191355498,0.23152402284557197,False
ADF,AWB,sensory,sensory,0.00980287389675104,0.008556736044981184,0.0012461378517698556,0.06787387362462098,True
AUA,RMH,unknown,motor,0.0037621348587243805,0.002565225554673533,0.0011969093040508473,0.18916407584433406,True
URB,CEP,sensory,sensory,0.0008222827305760184,0.0020103089951906713,0.001188026264614653,0.4194131515200194,False
AIN,AIY,interneuron,interneuron,0.00298318122088379,0.0018262062090745154,0.0011569750118092747,0.24056597739365476,True
AUA,ADL,unknown,unknown,0.020841727530311816,0.019687875803578146,0.0011538517267336706,0.02846935644499411,True
CEP,URX,sensory,sensory,0.0010590135307040882,0.0022077075812705527,0.0011486940505664644,0.3516351644443241,False
RMD,IL1,motor,sensory,0.0023398642755875707,0.003486363647348613,0.0011464993717610421,0.19678244092878,False
RMD,URA,motor,sensory,0.002696971091689563,0.0038410131071374637,0.0011440420154479008,0.17498390377798131,False
RMH,AUA,motor,unknown,0.0037723182231155054,0.002644638056292193,0.0011276801668233124,0.1757344292446944,True
ADF,URA,sensory,sensory,0.0015820646961881726,0.0027080781546368667,0.001126013458448694,0.26246525380515584,False
RIP,IL2,interneuron,sensory,0.0013652473433051699,0.0024874467896145126,0.0011221994463093427,0.2912765401210954,False
URA,URY,sensory,sensory,0.004722409911007322,0.005839963502571774,0.0011175535915644522,0.10580515734723013,False
AIY,AIA,interneuron,interneuron,0.00651290086331736,0.005415319418676333,0.0010975814446410265,0.09201552364826243,True
OLL,URB,unknown,sensory,0.001850922932487769,0.0029446351890856314,0.0010937122565978625,0.22806776730968778,False
ADF,URX,sensory,sensory,0.0012181991702651478,0.0023012682494905523,0.0010830690792254045,0.30773663150628666,False
URA,OLL,sensory,unknown,0.002615478469260411,0.0036715503148205602,0.0010560718455601492,0.1679762993031842,False
IL1,URY,sensory,sensory,0.004287051245704924,0.0053341530377531724,0.001047101792048248,0.10883271473252853,False
URB,OLL,sensory,unknown,0.0017080700067521376,0.002742330849981607,0.0010342608432294695,0.23239722741488403,False
AIA,SIA,interneuron,motor,0.006595604971980237,0.0076248120302284655,0.0010292070582482282,0.07237530733809296,False
FLP,RMD,sensory,motor,0.000644611457433987,0.0016708257587149987,0.0010262143012810118,0.4432053911041746,False
IL1,URB,sensory,sensory,0.0010897455839527506,0.0021103266171473263,0.0010205810331945758,0.31892436706624866,False
AUA,SAA,unknown,motor,0.003397625495760621,0.0023796127007010945,0.0010180127950595265,0.17621097535184088,True
ASH,AUA,sensory,unknown,0.016319576199767247,0.017333834149885534,0.0010142579501182872,0.030138340708014386,False
SAA,AUA,motor,unknown,0.0035968033631183466,0.0025827517708499805,0.001014051592268366,0.16409782805957254,True
OLQ,RMD,sensory,motor,0.011997035909370096,0.012999689517079558,0.0010026536077094618,0.04011139805685865,False
AIY,SMB,interneuron,motor,0.003891538130458179,0.002896293140199092,0.0009952449902590871,0.14662193798174997,True
OLL,URA,unknown,sensory,0.002587748641994368,0.00358097532196821,0.0009932266799738418,0.16101006783173033,False
IL1,RMD,sensory,motor,0.002443256417973023,0.003427865609984895,0.0009846091920118721,0.1677037490539031,False
URX,CEP,sensory,sensory,0.0011106076950086208,0.0020670984446763277,0.000956490749667707,0.30100036866923785,False
AVH,SMB,interneuron,motor,0.009511128436168784,0.008554797896306428,0.0009563305398623562,0.05293559361247379,True
IL1,URA,sensory,sensory,0.0014726743884308057,0.0024282825126890023,0.0009556081242581965,0.24496761281497845,False
RMF,CEP,motor,sensory,0.001096253409735036,0.0020481889770416874,0.0009519355673066514,0.3027358812602907,False
URB,RMD,sensory,motor,0.0016048190439193648,0.0025389925510935496,0.0009341735071741848,0.22543821387889426,False
URY,URA,sensory,sensory,0.005226327719640503,0.006158230652501446,0.0009319029328609431,0.08185674790474419,False
OLQ,URA,sensory,sensory,0.006360409639054722,0.007291982304070157,0.0009315726650154345,0.06823512407736336,False
URB,IL1,sensory,sensory,0.0010228251783445032,0.001948463315712979,0.0009256381373684759,0.3115275100573312,False
RIR,AUA,unknown,unknown,0.003313308455780904,0.0023896380469182452,0.0009236704088626587,0.1619637133592474,True
RMD,AUA,motor,unknown,0.0017335459766692097,0.0026549600281934745,0.0009214140515242648,0.2099607541854145,False
CEP,RMF,sensory,motor,0.0012431456689803548,0.0021558325295270545,0.0009126868605466997,0.2685180017028903,False
SIA,AVD,motor,interneuron,0.003350720124678979,0.002442202272455925,0.000908517852223054,0.15683238515143158,True
RMD,FLP,motor,sensory,0.0009231579514245831,0.0018256785043224701,0.0009025205528978871,0.3283281979828766,False
IL1,OLL,sensory,unknown,0.0019682140117621453,0.002865068376603584,0.0008968543648414386,0.18555802748965552,False
URX,SMD,sensory,motor,0.0036439527582632124,0.004540521256916742,0.0008965684986535294,0.10954503441957752,False
ADL,ASG,unknown,sensory,0.08915755565114243,0.0882736985516831,0.0008838570994593314,0.004981405913700157,True
URA,IL1,sensory,sensory,0.0014710483244856343,0.002353567390150233,0.0008825190656645986,0.23074711511870408,False
IL1,AIB,sensory,interneuron,0.004672735150003923,0.005551382945439828,0.0008786477954359044,0.08593873609828404,False
URA,URB,sensory,sensory,0.0010335051870402534,0.0019116598733647028,0.0008781546863244494,0.29816823115064434,False
RMF,RMH,motor,motor,0.003023470681546363,0.002149243856250001,0.0008742268252963621,0.16900735619716942,True
FLP,ADE,sensory,sensory,0.0009458294888239171,0.0018176801333710253,0.0008718506445471081,0.31548672962678526,False
SMB,AIY,motor,interneuron,0.003668233344455587,0.002804631779215838,0.000863601565239749,0.13341874662885567,True
RMH,RMF,motor,motor,0.0029772413367659487,0.0021166086427743427,0.000860632693991606,0.16895524614051385,True
RMD,SAA,motor,motor,0.0036778692534832316,0.0028218460277893067,0.000856023225693925,0.13170164776143314,True
SAA,SMB,motor,motor,0.003645332839679806,0.0027899872890430953,0.0008553455506367107,0.13291421720072744,True
URB,ADE,sensory,sensory,0.00046913465632884475,0.0013221508582396064,0.0008530162019107616,0.4762033452249136,False
AUA,AIN,unknown,interneuron,0.0014638442810585679,0.002306513678722758,0.0008426693976641903,0.22349850711872804,False
ASE,AWB,sensory,sensory,0.010655021682155518,0.009820225831336597,0.0008347958508189215,0.040770977063487854,True
AUA,RIR,unknown,unknown,0.0032275501722634626,0.0023937254489338816,0.0008338247233295811,0.14833371723527106,True
AIB,URB,interneuron,sensory,0.0037327987331877803,0.004565704102442034,0.000832905369254254,0.10036814781111368,False
URB,URA,sensory,sensory,0.0009956695332222687,0.0018266567602418166,0.000830987227019548,0.2944334251856694,False
IL2,RIP,sensory,interneuron,0.0014156695274612037,0.002245455809712682,0.0008297862822514782,0.22664787003091896,False
URA,ADF,sensory,sensory,0.0016630178278663405,0.0024876307648156026,0.0008246129369492621,0.19867085798013856,False
RMF,AUA,motor,unknown,0.0013464540605767517,0.0021613632207201443,0.0008149091601433926,0.23231231035240144,False
OLL,IL1,unknown,sensory,0.00196261145985731,0.0027650843970186425,0.0008024729371613323,0.16973869396026137,False
AVE,ADF,interneuron,sensory,0.016554384672575462,0.015780167483623896,0.0007742171889515669,0.023943958859152892,True
RMH,SIA,motor,motor,0.0034419895204443013,0.002670866836777998,0.0007711226836663032,0.12614768383040093,True
AUA,RMF,unknown,motor,0.001263232374999364,0.0020338282710414277,0.0007705958960420637,0.23372208017926818,False
ADF,AVE,sensory,interneuron,0.014217255834870568,0.01498139424459373,0.0007641384097231609,0.026170333389609467,False
ADE,FLP,sensory,sensory,0.0009168848456915271,0.0016802420011521888,0.0007633571554606617,0.2939236976414913,False
SIA,AVJ,motor,interneuron,0.006424547216781297,0.005673975539109793,0.0007505716776715042,0.06203829067496708,True
URY,IL1,sensory,sensory,0.004591001343343373,0.005328561983237658,0.0007375606398942851,0.07435414323959816,False
RMH,AIA,motor,interneuron,0.01003756608289643,0.010753463614638267,0.0007158975317418364,0.034433000130985526,False
URY,URB,sensory,sensory,0.0029024656826171927,0.0036064074536156254,0.0007039417709984327,0.10815109550448973,False
SAA,RMH,motor,motor,0.0027203589744782194,0.002040288966417417,0.0006800700080608025,0.14285240207189498,True
URB,URY,sensory,sensory,0.0027359183025873423,0.0034108453027298807,0.0006749270001425384,0.10980200842252918,False
URA,OLQ,sensory,sensory,0.005414865507514312,0.006072040658062453,0.0006571751505481411,0.05721080466352564,False
RMF,SMB,motor,motor,0.00211515117948979,0.0027666810693221613,0.0006515298898323715,0.133460111548265,False
URA,RMD,sensory,motor,0.0029339276136379705,0.0035840036483021044,0.0006500760346641338,0.09973655728565965,False
OLQ,URB,sensory,sensory,0.0039529189138927286,0.0046017854208386805,0.0006488665069459519,0.07584908536542845,False
ADF,IL2,sensory,sensory,0.000555239448419669,0.0012034940113349374,0.0006482545629152683,0.36859168310049095,False
AIB,IL1,interneuron,sensory,0.00513746717459005,0.005768088470164258,0.0006306212955742088,0.05782569089865453,False
AIY,AIN,interneuron,interneuron,0.0022840604322854215,0.0016549483550144597,0.0006291120772709618,0.1597132921683268,True
SMB,SAA,motor,motor,0.003400691064701708,0.00277753041919543,0.000623160645506278,0.10086408152314874,True
URX,ADF,sensory,sensory,0.0016584255214726307,0.0022787415511242907,0.0006203160296516599,0.15755389661102576,False
AIN,AUA,interneuron,unknown,0.0019896439268135614,0.002609546201101153,0.0006199022742875916,0.13478509119390286,False
IL2,ADF,sensory,sensory,0.0005744068880541575,0.0011884557956117305,0.000614048907557573,0.3483248459534968,False
AUA,SMB,unknown,motor,0.003279930003401981,0.0038882503965900514,0.0006083203931880705,0.08486398929111044,False
OLL,RMD,unknown,motor,0.0036806635478731486,0.0042887173326452725,0.0006080537847721239,0.07629874719988215,False
AIY,SIA,interneuron,motor,0.0023049976160846542,0.0017000383751218666,0.0006049592409627877,0.15104963530566917,True
AUA,AIA,unknown,interneuron,0.006360558340778559,0.006962660079820479,0.0006021017390419204,0.04519191350881249,False
AVE,URB,interneuron,sensory,0.0053898731534495516,0.004793864900339822,0.0005960082531097297,0.05852548878507395,True
SIA,ADE,motor,sensory,0.0010630256180298374,0.0016566324287119831,0.0005936068106821458,0.21826522991255098,False
AIB,RMD,interneuron,motor,0.01777687198988669,0.01836047036043069,0.0005835983705439994,0.01614945458001918,False
RIP,FLP,interneuron,sensory,0.001708297990642343,0.0022798565588639523,0.0005715585682216093,0.14331404332386263,False
CEP,IL2,sensory,sensory,0.0005102635554863156,0.0010772375433103854,0.0005669739878240697,0.35714869900811813,False
FLP,RIP,sensory,interneuron,0.0015379030770691117,0.002096854034724699,0.0005589509576555871,0.1537794480032783,False
SIA,RMH,motor,motor,0.0031372319394393335,0.002579560079130578,0.0005576718603087557,0.09754978819279869,True
SMB,AUA,motor,unknown,0.0035517074554302914,0.004098784245324631,0.0005470767898943392,0.07150870873952911,False
SIA,AIY,motor,interneuron,0.002152792237867177,0.0016247512770302202,0.0005280409608369569,0.139784212882291,True
AUA,IL2,unknown,sensory,0.000309636737838874,0.000830243158622219,0.0005206064207833451,0.45672037617962946,False
RIA,RMD,interneuron,motor,0.0011341475366752455,0.0016496098916763714,0.0005154623550011259,0.18516783511182938,False
SIA,RMF,motor,motor,0.0014772391606967248,0.0019878757859314363,0.0005106366252347115,0.14736498452817676,False
AIA,AUA,interneuron,unknown,0.006537613767010351,0.00704713512740199,0.000509521360391639,0.0375068660157957,False
ADL,AVH,unknown,interneuron,0.04881354445543126,0.04931248509651128,0.0004989406410800187,0.005084692031765513,False
SIA,AIN,motor,interneuron,0.0011775598977376523,0.0016583299864163558,0.0004807700886787034,0.1695305852360577,False
URB,AIB,sensory,interneuron,0.0034561096987275413,0.003935971784526115,0.0004798620857985737,0.06491569125612388,False
OLQ,IL1,sensory,sensory,0.005008051233762164,0.005485602337299169,0.00047755110353700503,0.04550856341428174,False
IL2,CEP,sensory,sensory,0.0005678032730560552,0.0010341347686400524,0.0004663314955839972,0.2911045585631993,False
AIN,RIC,interneuron,interneuron,0.0026526130017116008,0.003118293966434855,0.0004656809647232544,0.08069458738881155,False
ADE,IL2,sensory,sensory,0.00036475042295504285,0.000830357539526207,0.00046560711657116417,0.3895941556987606,False
AIN,AVD,interneuron,interneuron,0.00321928860159627,0.0027571008191122105,0.0004621877824840595,0.07733561891883994,True
SIA,IL2,motor,sensory,0.00023257940985185494,0.0006937320782215854,0.0004611526683697305,0.4978375249831907,False
IL2,AUA,sensory,unknown,0.00041676044172338624,0.0008602396135332064,0.00044347917180982016,0.34728200304776796,False
IL2,ADE,sensory,sensory,0.00046703317008689937,0.0009021295146252707,0.0004350963445383713,0.31778277162991886,False
SMB,AVH,motor,interneuron,0.008717602804026354,0.009146339735731989,0.00042873693170563526,0.024000129218475538,False
URX,IL2,sensory,sensory,0.00039719200307064464,0.0008170806801233169,0.00041988867705267227,0.34579435763043154,False
IL2,URX,sensory,sensory,0.0004101794349348199,0.0008289455562400487,0.00041876612130522877,0.3379530640511672,False
AIA,RMH,interneuron,motor,0.009938116142056318,0.010351535843664654,0.0004134197016083356,0.02037588914101112,False
SMB,RMF,motor,motor,0.0024188160485426307,0.0028318995995487337,0.000413083551006103,0.07867185557631051,False
SIA,SMB,motor,motor,0.003193886365990428,0.0036021572816891923,0.0004082709156987643,0.06007479216686336,False
RMD,IL2,motor,sensory,0.0008845558687560333,0.0012795895862876678,0.0003950337175316344,0.18253565089971843,False
RMF,SIA,motor,motor,0.0015764977971610586,0.0019705405316292777,0.00039404273446821915,0.11109063021981452,False
SAA,RMD,motor,motor,0.002926866329134595,0.002539464088717946,0.00038740224041664906,0.07087062137048399,True
IL1,URX,sensory,sensory,0.0007347035782361996,0.0011212910411555715,0.000386587462919372,0.208291251521481,False
SAA,SIA,motor,motor,0.0019037508987433988,0.001529383029622701,0.00037436786912069774,0.10904551527190659,True
URX,RMD,sensory,motor,0.002704089434557166,0.002330756433912004,0.0003733330006451623,0.07414983556263056,True
FLP,IL1,sensory,sensory,0.00017798626928055948,0.0005372123828105517,0.00035922611352999224,0.5022745250598947,False
IL1,OLQ,sensory,sensory,0.0041375589431577086,0.004492773489399663,0.00035521454624195484,0.0411588481558423,False
IL1,FLP,sensory,sensory,0.00029837663710559304,0.000653328600268613,0.00035495196316302,0.372964140499986,False
IL2,RMD,sensory,motor,0.0008538460221348648,0.001207600181088102,0.00035375415895323725,0.17160483802084028,False
IL2,SIA,sensory,motor,0.00031038138656328565,0.0006563601315153653,0.0003459787449520796,0.3578812978380868,False
URX,URB,sensory,sensory,0.0006106570741235771,0.0009513434683058744,0.00034068639418229736,0.21810899747929174,False
URB,IL2,sensory,sensory,0.0003205597916164096,0.0006573398669429219,0.0003367800753265123,0.34439120408687474,False
SIA,RIC,motor,interneuron,0.003030287685049924,0.002698091781039066,0.0003321959040108579,0.057991252181925905,True
IL2,URB,sensory,sensory,0.00033768632738132996,0.0006677996666708094,0.0003301133392894795,0.32831218774902465,False
RMH,SAA,motor,motor,0.0023154813598537326,0.001988945556097733,0.00032653580375599945,0.07586045774406534,True
AVD,AIN,interneuron,interneuron,0.0027697156045951216,0.0024447801093376536,0.000324935495257468,0.062313885532185614,True
URB,URX,sensory,sensory,0.0006535261257806699,0.0009740625039491415,0.00032053637816847154,0.19693941860956626,False
IL1,IL2,sensory,sensory,0.0004946814987418956,0.0008149187168540264,0.0003202372181121308,0.24453049857918652,False
FLP,URB,sensory,sensory,0.00018774890018353568,0.0005056184342870503,0.00031786953410351465,0.45844312596858666,False
URX,IL1,sensory,sensory,0.000721911609025723,0.0010393582066126152,0.0003174465975868923,0.1802373360086832,False
SIA,AIM,motor,interneuron,0.00048307913371945226,0.0007863730466664745,0.0003032939129470223,0.238917143742353,False
AUA,AIY,unknown,interneuron,0.0024023140196540063,0.0020994457634509194,0.00030286825620308693,0.06727774560783428,True
AIY,AUA,interneuron,unknown,0.0025291931245222847,0.0022320073957877553,0.0002971857287345295,0.062418232801787994,True
URB,FLP,sensory,sensory,0.00022943096714917637,0.0005222318029066747,0.0002928008357574983,0.3895374474672964,False
AVH,ASG,interneuron,sensory,0.04454134279845347,0.04483401007991371,0.00029266728146024046,0.0032745860207240695,False
IL2,IL1,sensory,sensory,0.0004675191462735647,0.0007538957898123472,0.0002863766435387825,0.23446300813234733,False
RIC,SIA,interneuron,motor,0.0027558088079172047,0.0024925718945638382,0.0002632369133533665,0.050155833438939444,True
AVJ,ASG,interneuron,sensory,0.033608468390029046,0.033858277640257416,0.0002498092502283694,0.0037027019169704363,False
RIC,AUA,interneuron,unknown,0.003127816103604074,0.00337716081692611,0.00024934471332203586,0.038331374966442726,False
RIC,ADE,interneuron,sensory,0.002419813879250428,0.002668162672157353,0.00024834879290692525,0.048810914420806185,False
ADE,RIC,sensory,interneuron,0.0027572257851084365,0.003003204534152437,0.00024597874904400043,0.042701453040997275,False
URA,IL2,sensory,sensory,0.00042378110876568415,0.0006673650957610019,0.0002435839869953178,0.22323677950866438,False
IL2,URA,sensory,sensory,0.00040224680482316594,0.0006352112094518415,0.00023296440462867556,0.224553070069219,False
AIM,SIA,interneuron,motor,0.0005070092093483171,0.0007339862051102247,0.00022697699576190754,0.18289912664264527,False
OLL,IL2,unknown,sensory,0.0004452930975119804,0.0006716222878870515,0.00022632919037507112,0.20263770476260537,False
AIA,SAA,interneuron,motor,0.0052914357225041925,0.005066915060870757,0.0002245206616334353,0.021675328839631094,True
URX,RIA,sensory,interneuron,0.0006133351164083166,0.0003892819262923626,0.000224053190115954,0.22346834157696294,True
SMB,RIC,motor,interneuron,0.0038022823444149373,0.003578423300125458,0.00022385904428947907,0.030330303366323814,True
SMB,AIM,motor,interneuron,0.0007538283782903561,0.0009771329078989918,0.00022330452960863572,0.12900607222685248,False
SAA,AIA,motor,interneuron,0.005141171172824955,0.005364443616338916,0.00022327244351396085,0.021252677341547864,False
URA,FLP,sensory,sensory,0.0003015323517960506,0.0005218332969727498,0.00022030094517669916,0.2675614640348117,False
AUA,AIM,unknown,interneuron,0.0007148104442855662,0.0009316332018537067,0.00021682275756814047,0.13169156740190224,False
AIM,IL2,interneuron,sensory,8.780026898986674e-05,0.00028831637146368554,0.0002005161024738188,0.5331219829035531,False
AUA,SIA,unknown,motor,0.0028661069343389658,0.0026659692998377287,0.0002001376345012371,0.036177670446230825,True
URB,OLQ,sensory,sensory,0.0031840381681753752,0.003379042524513398,0.00019500435633802281,0.029712319945117287,False
IL2,AIM,sensory,interneuron,0.00010216085281698199,0.00028887275374677747,0.0001867119009297955,0.47748288138774925,False
SIA,ADL,motor,unknown,0.010711287887782237,0.010889860127843657,0.0001785722400614205,0.008266793927135958,False
URA,URX,sensory,sensory,0.000869871142936012,0.0010457136639834591,0.0001758425210474471,0.09179573320517884,False
URX,URA,sensory,sensory,0.0008255230095754108,0.000994695605087581,0.00016917259551217027,0.09294080659064759,False
AIM,SMB,interneuron,motor,0.0007470668559763318,0.0009121966663336028,0.00016512981035727095,0.09951993651701131,False
RIA,URX,interneuron,sensory,0.0005849269007931481,0.00043140645399400066,0.00015352044679914746,0.15105322576565122,True
AIN,SIA,interneuron,motor,0.0015204165726275605,0.0016725783401524664,0.00015216176752490588,0.047654871653690443,False
SMB,SIA,motor,motor,0.00367119394601299,0.003811361303801856,0.0001401673577888663,0.018732552080932448,False
IL2,OLL,sensory,unknown,0.00043216413456083943,0.0005705611882934871,0.00013839705373264763,0.13802088844889457,False
AIM,AUA,interneuron,unknown,0.0007766724463521557,0.0009022797956254764,0.00012560734927332068,0.07481293312076281,False
SIA,SAA,motor,motor,0.0016755058051518168,0.0015585292881357567,0.00011697651701606014,0.03617045270838476,True
OLL,OLQ,unknown,sensory,0.010533561201147672,0.010601489238741973,6.792803759430102e-05,0.0032139992978060653,False
SIA,AUA,motor,unknown,0.0028078248981375847,0.002784763182898372,2.306171523921291e-05,0.004123621209481049,True
URA,AIB,sensory,interneuron,0.0039339607032447925,0.0039121888483133445,2.1771854931447975e-05,0.0027748457394161973,True
RMD,URX,motor,sensory,0.0025003900590936743,0.0024787646467633417,2.162541233033258e-05,0.004343189391278706,True
AIB,URA,interneuron,sensory,0.004264804322690577,0.004284227637277757,1.9423314587180274e-05,0.002271989910779703,False
AUA,RIC,unknown,interneuron,0.003511169764154172,0.003517976298696313,6.806534542140846e-06,0.000968330204614871,False
PLN,ALN,sensory,sensory,,,,,False
DVA,PVN,sensory,interneuron,,,,,False
ASK,PVR,sensory,unknown,,,,,False
PVW,PVR,interneuron,unknown,,,,,False
LUA,PVR,interneuron,unknown,,,,,False
PHA,PVR,sensory,unknown,,,,,False
PHB,PVR,sensory,unknown,,,,,False
PLN,PVR,sensory,unknown,,,,,False
PVC,PVR,interneuron,unknown,,,,,False
ADA,PVR,interneuron,unknown,,,,,False
ASH,PVW,sensory,interneuron,,,,,False
ASK,PVW,sensory,interneuron,,,,,False
PVR,PVW,unknown,interneuron,,,,,False
LUA,PVW,interneuron,interneuron,,,,,False
PHA,PVW,sensory,interneuron,,,,,False
PHB,PVW,sensory,interneuron,,,,,False
PHC,PVW,sensory,interneuron,,,,,False
PLN,PVW,sensory,interneuron,,,,,False
PVC,PVW,interneuron,interneuron,,,,,False
ADL,PVW,unknown,interneuron,,,,,False
DVB,DVA,interneuron,sensory,,,,,False
DVC,DVA,interneuron,sensory,,,,,False
DVA,DVB,sensory,interneuron,,,,,False
DVC,DVB,interneuron,interneuron,,,,,False
ASH,LUA,sensory,interneuron,,,,,False
ASK,LUA,sensory,interneuron,,,,,False
PVR,LUA,unknown,interneuron,,,,,False
PVW,LUA,interneuron,interneuron,,,,,False
PHA,LUA,sensory,interneuron,,,,,False
PHB,LUA,sensory,interneuron,,,,,False
PLN,LUA,sensory,interneuron,,,,,False
PVC,LUA,interneuron,interneuron,,,,,False
ADL,LUA,unknown,interneuron,,,,,False
ADA,LUA,interneuron,interneuron,,,,,False
ASH,PHA,sensory,sensory,,,,,False
ASK,PHA,sensory,sensory,,,,,False
PVW,PHA,interneuron,sensory,,,,,False
LUA,PHA,interneuron,sensory,,,,,False
PHB,PHA,sensory,sensory,,,,,False
PLN,PHA,sensory,sensory,,,,,False
PVC,PHA,interneuron,sensory,,,,,False
ADL,PHA,unknown,sensory,,,,,False
ASH,PHB,sensory,sensory,,,,,False
ASK,PHB,sensory,sensory,,,,,False
PVR,PHB,unknown,sensory,,,,,False
PVW,PHB,interneuron,sensory,,,,,False
LUA,PHB,interneuron,sensory,,,,,False
PHA,PHB,sensory,sensory,,,,,False
PLN,PHB,sensory,sensory,,,,,False
PVC,PHB,interneuron,sensory,,,,,False
ADL,PHB,unknown,sensory,,,,,False
PVW,PHC,interneuron,sensory,,,,,False
PLN,PHC,sensory,sensory,,,,,False
PVC,PHC,interneuron,sensory,,,,,False
URX,PLN,sensory,sensory,,,,,False
ALN,PLN,sensory,sensory,,,,,False
ASG,PLN,sensory,sensory,,,,,False
ASH,PLN,sensory,sensory,,,,,False
ASK,PLN,sensory,sensory,,,,,False
PVR,PLN,unknown,sensory,,,,,False
PVW,PLN,interneuron,sensory,,,,,False
IL2,PLN,sensory,sensory,,,,,False
LUA,PLN,interneuron,sensory,,,,,False
PHA,PLN,sensory,sensory,,,,,False
PHB,PLN,sensory,sensory,,,,,False
PHC,PLN,sensory,sensory,,,,,False
PVC,PLN,interneuron,sensory,,,,,False
ADL,PLN,unknown,sensory,,,,,False
ASG,PVC,sensory,interneuron,,,,,False
ASH,PVC,sensory,interneuron,,,,,False
ASK,PVC,sensory,interneuron,,,,,False
PVR,PVC,unknown,interneuron,,,,,False
PVW,PVC,interneuron,interneuron,,,,,False
LUA,PVC,interneuron,interneuron,,,,,False
PHA,PVC,sensory,interneuron,,,,,False
PHB,PVC,sensory,interneuron,,,,,False
PHC,PVC,sensory,interneuron,,,,,False
PLN,PVC,sensory,interneuron,,,,,False
ADL,PVC,unknown,interneuron,,,,,False
LUA,PVT,interneuron,interneuron,,,,,False
PHA,PVT,sensory,interneuron,,,,,False
PHB,PVT,sensory,interneuron,,,,,False
DVA,DVC,sensory,interneuron,,,,,False
DVB,DVC,interneuron,interneuron,,,,,False
